product_id,cost,competitor_price,demand_score,seasonality,rating,marketing_spend,price
PROD_0000,312.14,370.75,55,6,3.5,205.97,437.18
PROD_0001,761.56,925.83,96,6,2.8,1224.78,1204.36
PROD_0002,590.96,797.25,36,1,3.7,1708.72,892.54
PROD_0003,486.95,569.25,37,3,1.4,143.4,589.95
PROD_0004,141.69,191.91,14,12,4.8,1609.74,109.43
PROD_0005,141.68,153.13,27,6,4.0,819.23,171.41
PROD_0006,65.31,86.33,83,11,3.5,361.01,98.28
PROD_0007,695.62,936.75,31,11,2.3,393.39,1021.5
PROD_0008,488.87,544.42,73,9,1.6,1841.59,729.37
PROD_0009,572.3,687.11,81,6,2.6,265.68,813.54
PROD_0010,36.06,39.95,83,12,3.6,1740.23,52.24
PROD_0011,776.53,1007.4,44,6,3.5,1111.28,1042.96
PROD_0012,669.31,828.18,68,1,2.5,126.16,1003.24
PROD_0013,185.62,236.18,48,9,3.5,955.73,241.75
PROD_0014,161.82,181.04,57,4,4.3,1644.03,213.15
PROD_0015,163.06,183.29,75,2,1.1,1466.1,242.47
PROD_0016,257.31,273.91,22,1,2.8,1003.13,355.4
PROD_0017,429.31,,4,3,4.0,1727.1,627.38
PROD_0018,356.92,444.69,81,3,3.2,284.71,492.96
PROD_0019,247.16,333.73,72,5,3.6,1824.39,355.18
PROD_0020,497.25,638.18,46,1,3.1,1700.56,694.82
PROD_0021,128.81,154.87,59,7,5.0,1431.14,198.31
PROD_0022,247.87,342.95,34,1,1.2,1644.88,352.11
PROD_0023,305.76,398.02,11,4,3.0,1110.44,439.02
PROD_0024,375.73,516.84,31,6,1.4,1366.57,461.04
PROD_0025,632.44,780.84,11,1,1.6,1143.17,901.83
PROD_0026,175.75,200.46,56,7,2.5,743.09,238.67
PROD_0027,421.1,449.94,38,10,1.6,1159.28,513.84
PROD_0028,482.08,628.7,21,7,4.9,552.06,593.2
PROD_0029,56.23,61.43,94,3,4.8,908.54,85.11
PROD_0030,493.88,570.92,10,4,,597.51,609.67
PROD_0031,153.01,189.17,26,6,3.6,289.63,222.6
PROD_0032,70.74,88.25,91,11,3.1,677.63,115.23
PROD_0033,760.13,957.92,8,7,4.3,1711.38,911.09
PROD_0034,773.19,856.84,8,4,3.5,793.11,1076.94
PROD_0035,650.55,769.54,60,10,1.0,1508.61,827.55
PROD_0036,257.6,326.12,72,11,4.1,391.64,383.33
PROD_0037,96.18,133.64,34,9,4.0,877.62,134.13
PROD_0038,553.7,722.4,16,9,3.0,273.97,770.48
PROD_0039,363.32,498.8,13,9,4.6,320.31,479.01
PROD_0040,115.19,151.68,87,12,4.6,1254.0,188.1
PROD_0041,406.24,510.68,76,10,,1234.59,616.77
PROD_0042,46.82,52.31,91,6,3.4,466.08,64.94
PROD_0043,729.27,935.9,22,2,5.0,975.13,965.59
PROD_0044,221.85,281.34,96,2,2.2,1733.45,333.92
PROD_0045,536.77,676.79,27,11,2.3,389.69,699.56
PROD_0046,263.13,321.4,64,4,1.7,87.46,389.32
PROD_0047,425.65,525.69,2,9,4.6,1321.39,601.67
PROD_0048,446.43,521.01,97,3,4.0,154.32,610.17
PROD_0049,164.19,202.24,26,6,1.4,1960.88,246.06
PROD_0050,776.28,868.77,92,2,4.9,1238.76,1094.19
PROD_0051,624.6,831.85,83,1,3.9,967.27,975.2
PROD_0052,752.81,839.4,69,12,4.4,888.49,1075.74
PROD_0053,717.97,775.21,97,5,1.2,1167.49,418.07
PROD_0054,486.36,584.94,84,8,3.0,226.72,680.98
PROD_0055,739.06,946.3,30,10,,1863.54,387.31
PROD_0056,89.02,107.11,8,10,3.2,1270.0,108.38
PROD_0057,172.87,198.25,38,2,,408.76,221.31
PROD_0058,55.28,68.84,61,10,4.3,1147.03,73.43
PROD_0059,273.76,320.69,81,9,2.5,309.85,410.69
PROD_0060,323.17,444.84,65,12,4.4,84.23,269.04
PROD_0061,231.65,318.04,67,8,1.7,1279.51,336.92
PROD_0062,666.42,816.91,46,3,2.1,1314.54,990.27
PROD_0063,298.27,347.41,90,1,1.2,1188.21,469.71
PROD_0064,239.13,312.78,95,4,2.5,407.79,314.88
PROD_0065,443.3,471.16,72,8,2.5,1226.69,678.53
PROD_0066,129.92,158.01,43,3,4.2,160.2,167.97
PROD_0067,645.71,754.01,59,10,3.6,1238.01,3033.22
PROD_0068,78.15,107.24,46,12,2.7,1130.33,120.89
PROD_0069,789.77,832.58,72,2,3.6,1327.75,991.09
PROD_0070,622.35,773.88,35,7,1.2,1796.18,803.89
PROD_0071,175.0,229.11,39,4,1.7,1708.2,239.39
PROD_0072,24.31,29.65,92,6,3.5,1962.28,35.17
PROD_0073,656.06,708.47,51,5,3.6,1953.67,1003.23
PROD_0074,571.35,794.38,4,2,4.1,1556.02,746.94
PROD_0075,588.63,724.78,80,10,2.6,1915.02,906.1
PROD_0076,621.59,786.29,77,2,3.9,1741.2,916.11
PROD_0077,77.75,88.08,84,9,3.7,1468.79,123.36
PROD_0078,299.6,365.28,51,11,4.9,197.0,456.95
PROD_0079,110.38,132.48,5,10,1.9,145.65,146.36
PROD_0080,693.22,746.05,55,2,3.2,1683.32,890.61
PROD_0081,506.17,550.29,20,8,3.4,1004.83,693.27
PROD_0082,278.1,373.52,24,8,5.0,1638.48,354.81
PROD_0083,69.58,78.89,36,1,1.8,660.19,86.89
PROD_0084,262.57,293.61,34,1,3.1,825.42,358.41
PROD_0085,273.64,335.68,54,4,2.4,1415.36,406.42
PROD_0086,589.09,777.05,34,2,3.1,1834.89,1962.25
PROD_0087,517.29,554.38,83,12,1.9,221.13,781.54
PROD_0088,712.03,891.37,17,1,1.2,1729.88,955.92
PROD_0089,388.33,423.95,5,9,3.3,1596.37,463.37
PROD_0090,113.28,120.39,89,3,2.3,665.3,160.67
PROD_0091,576.33,615.79,18,1,1.7,742.67,787.39
PROD_0092,613.41,823.17,55,2,2.3,140.6,744.36
PROD_0093,457.8,499.59,53,8,1.2,80.69,659.93
PROD_0094,621.35,662.24,50,5,4.8,980.16,877.58
PROD_0095,405.16,487.52,72,11,3.3,236.3,637.22
PROD_0096,427.73,575.47,91,7,4.3,428.3,578.95
PROD_0097,353.48,403.62,79,6,2.7,1701.2,536.15
PROD_0098,39.83,47.7,45,1,4.6,1163.51,49.76
PROD_0099,104.16,110.82,13,6,2.9,1285.58,138.65
PROD_0100,44.51,53.74,16,11,,415.58,58.92
PROD_0101,516.4,646.62,86,7,3.0,1665.89,794.0
PROD_0102,265.2,331.45,84,4,3.9,1742.56,402.65
PROD_0103,416.69,486.0,13,8,3.3,1070.49,494.94
PROD_0104,727.9,844.68,20,8,2.1,1829.49,870.07
PROD_0105,214.45,233.17,66,7,1.6,1697.42,286.26
PROD_0106,340.1,400.77,99,11,3.4,1476.08,488.0
PROD_0107,609.33,661.02,47,2,3.0,1481.45,863.96
PROD_0108,198.46,261.63,19,6,1.4,255.52,264.35
PROD_0109,80.04,111.12,45,6,2.6,578.13,119.1
PROD_0110,246.01,341.83,37,12,3.1,180.35,389.84
PROD_0111,145.75,197.17,54,12,4.3,66.93,227.15
PROD_0112,745.16,939.11,6,7,1.3,358.7,855.61
PROD_0113,650.33,842.38,14,6,2.4,1766.95,218.8
PROD_0114,514.05,591.07,4,2,4.3,517.75,678.68
PROD_0115,699.74,889.21,86,8,3.6,1941.8,1045.1
PROD_0116,646.86,782.37,55,4,2.2,1214.72,913.77
PROD_0117,165.52,201.73,100,9,4.4,512.65,269.13
PROD_0118,716.2,941.96,34,8,3.0,1019.41,1038.26
PROD_0119,440.69,506.2,27,3,3.0,477.23,527.72
PROD_0120,649.8,754.63,7,3,4.9,1968.75,835.12
PROD_0121,718.95,987.57,3,8,4.8,1702.17,1036.69
PROD_0122,268.04,286.72,47,2,2.4,101.17,391.72
PROD_0123,105.84,129.12,97,9,1.6,1898.16,147.25
PROD_0124,197.79,270.87,2,4,2.3,1456.08,144.22
PROD_0125,353.14,446.24,80,6,1.1,210.64,293.34
PROD_0126,658.05,816.8,25,3,1.1,1357.74,861.24
PROD_0127,691.37,786.37,60,3,2.6,1311.51,922.85
PROD_0128,25.42,29.75,79,3,4.8,476.64,39.48
PROD_0129,418.38,564.07,24,11,4.5,1528.97,633.89
PROD_0130,345.58,430.5,15,10,3.0,219.78,419.65
PROD_0131,193.24,237.72,95,12,3.3,1004.42,308.28
PROD_0132,113.49,123.13,14,12,1.0,69.35,165.38
PROD_0133,283.34,299.1,54,2,1.9,1939.04,429.0
PROD_0134,755.47,1048.06,78,8,1.1,1515.55,2976.8
PROD_0135,272.1,321.61,6,9,4.0,359.76,395.21
PROD_0136,424.66,535.54,78,8,1.6,716.26,564.82
PROD_0137,568.35,612.63,81,10,4.5,363.1,817.24
PROD_0138,303.63,391.41,18,3,3.6,1544.9,420.45
PROD_0139,777.99,1070.82,20,7,1.9,164.85,998.76
PROD_0140,770.71,964.53,62,11,1.6,1688.79,1139.05
PROD_0141,216.39,236.76,81,10,3.5,1887.28,342.87
PROD_0142,407.85,511.29,80,2,4.6,1369.42,619.99
PROD_0143,254.69,335.73,40,4,3.9,465.28,343.59
PROD_0144,242.18,288.73,39,12,2.4,752.18,324.88
PROD_0145,48.77,66.23,52,6,3.3,980.62,61.03
PROD_0146,495.46,632.72,32,11,2.2,1229.02,672.0
PROD_0147,412.09,562.39,73,5,5.0,1353.89,2068.92
PROD_0148,60.15,76.29,27,9,4.0,1130.72,84.86
PROD_0149,237.34,260.12,52,10,3.5,735.06,368.11
PROD_0150,728.45,843.83,97,4,2.7,1787.29,957.89
PROD_0151,206.86,231.81,63,5,3.5,208.71,295.08
PROD_0152,133.02,181.98,74,4,2.4,959.2,169.57
PROD_0153,401.77,528.79,63,8,1.1,1562.35,594.85
PROD_0154,788.81,1014.99,17,8,2.6,168.7,1021.37
PROD_0155,208.8,241.24,49,3,4.7,1425.4,262.19
PROD_0156,544.27,606.54,100,1,3.5,1648.44,782.19
PROD_0157,614.06,807.34,81,6,1.3,1338.62,854.18
PROD_0158,205.36,249.71,82,2,4.5,75.23,295.58
PROD_0159,588.01,663.88,23,2,2.1,401.27,813.12
PROD_0160,306.87,388.44,98,3,2.0,717.12,467.69
PROD_0161,513.2,546.1,72,8,2.2,505.7,802.11
PROD_0162,514.15,598.56,13,3,3.3,1927.17,2021.16
PROD_0163,437.9,531.61,23,7,3.2,1320.61,592.84
PROD_0164,90.43,99.63,57,10,3.0,629.09,132.19
PROD_0165,671.54,936.54,62,10,3.9,1862.91,949.21
PROD_0166,270.21,303.49,54,9,2.3,1494.16,336.47
PROD_0167,165.48,181.31,20,8,4.1,604.98,236.39
PROD_0168,51.8,58.09,86,1,1.7,788.82,65.39
PROD_0169,480.9,634.38,52,7,4.1,438.89,616.76
PROD_0170,548.5,657.61,23,7,3.7,1943.59,664.39
PROD_0171,32.94,41.1,35,8,3.7,1058.73,41.66
PROD_0172,419.43,443.49,67,10,2.9,1797.31,537.3
PROD_0173,196.67,208.87,34,5,3.7,725.67,238.45
PROD_0174,523.23,631.04,33,10,1.3,1728.64,697.18
PROD_0175,156.01,208.4,46,9,4.4,155.08,201.2
PROD_0176,558.93,760.05,81,9,1.2,1965.08,726.66
PROD_0177,321.65,347.5,45,8,1.6,1828.47,452.24
PROD_0178,750.65,929.62,19,6,3.3,758.25,917.45
PROD_0179,127.27,174.31,94,6,4.0,1560.71,165.05
PROD_0180,286.03,339.17,87,1,1.3,1516.9,397.55
PROD_0181,108.51,145.44,15,6,4.7,1807.45,141.57
PROD_0182,741.26,813.01,78,4,4.9,649.15,1037.6
PROD_0183,704.32,970.13,66,4,3.4,957.76,387.31
PROD_0184,221.19,290.43,39,2,2.9,1736.75,320.77
PROD_0185,534.79,737.72,18,11,4.0,1568.23,780.06
PROD_0186,657.43,846.0,70,4,2.3,817.26,2768.5
PROD_0187,453.06,533.33,59,5,3.0,1699.16,627.79
PROD_0188,433.13,597.01,32,12,4.7,141.56,612.73
PROD_0189,208.64,239.2,21,5,4.8,1574.99,269.04
PROD_0190,92.62,108.02,40,5,4.7,453.19,134.4
PROD_0191,719.83,932.38,92,4,2.0,607.94,958.03
PROD_0192,722.33,951.93,27,1,1.9,1011.77,948.99
PROD_0193,513.82,706.65,2,10,2.2,926.98,665.09
PROD_0194,284.44,319.05,97,8,2.8,1065.11,434.78
PROD_0195,292.38,388.67,80,3,2.3,1112.31,453.29
PROD_0196,586.25,767.1,39,2,2.5,696.48,849.54
PROD_0197,719.75,771.8,86,9,3.5,391.69,925.14
PROD_0198,711.93,844.01,56,7,4.1,1548.54,957.41
PROD_0199,628.3,721.9,13,9,3.9,829.95,886.99
PROD_0200,520.78,602.32,56,2,4.3,1036.39,722.88
PROD_0201,85.63,119.37,66,9,1.1,1307.16,117.79
PROD_0202,146.07,186.24,78,10,1.2,1823.79,216.26
PROD_0203,720.87,937.99,56,9,4.2,1429.73,1037.11
PROD_0204,493.01,,28,11,3.1,138.65,764.37
PROD_0205,27.17,32.12,64,9,3.3,1685.19,40.38
PROD_0206,99.15,131.93,71,10,1.2,1979.24,137.43
PROD_0207,537.53,646.16,82,10,2.0,971.35,765.96
PROD_0208,23.95,32.43,64,4,3.6,1940.7,35.49
PROD_0209,145.43,161.9,56,10,4.4,1117.29,206.07
PROD_0210,448.01,619.01,41,3,4.7,946.25,627.18
PROD_0211,559.68,630.52,100,6,3.0,696.24,883.22
PROD_0212,528.53,615.3,41,3,3.2,1332.23,743.73
PROD_0213,194.93,256.27,100,11,4.3,498.15,294.62
PROD_0214,575.5,683.59,4,9,3.2,254.62,771.36
PROD_0215,205.05,258.96,57,3,,103.11,1009.9
PROD_0216,273.81,330.11,30,2,4.6,620.14,333.14
PROD_0217,602.26,788.86,88,8,4.2,821.75,835.16
PROD_0218,526.71,595.14,84,6,4.6,1126.55,813.54
PROD_0219,682.39,730.48,46,8,1.9,620.86,926.82
PROD_0220,532.94,615.53,56,7,3.1,1968.92,777.5
PROD_0221,463.28,563.35,31,3,4.4,618.9,629.56
PROD_0222,93.07,103.19,88,8,1.4,909.9,147.47
PROD_0223,306.82,360.26,7,10,4.2,251.39,370.23
PROD_0224,226.86,269.96,90,1,1.7,558.22,292.12
PROD_0225,210.31,225.05,77,1,4.2,144.25,293.53
PROD_0226,778.95,976.92,54,10,3.4,1141.04,1112.27
PROD_0227,326.62,444.04,8,8,1.8,1514.58,418.77
PROD_0228,715.8,789.6,55,9,2.9,431.63,918.83
PROD_0229,512.29,645.09,69,10,3.7,767.43,737.66
PROD_0230,639.95,820.84,44,6,3.5,82.4,823.61
PROD_0231,412.06,493.14,13,5,2.7,1687.07,560.24
PROD_0232,469.99,608.81,93,2,4.6,1570.93,737.51
PROD_0233,404.16,482.47,20,11,3.1,173.35,611.02
PROD_0234,172.29,211.33,78,9,3.0,761.49,236.26
PROD_0235,583.51,614.19,32,6,1.2,1912.81,817.27
PROD_0236,239.0,308.82,60,8,4.7,814.45,334.68
PROD_0237,38.97,49.93,50,9,1.7,1076.11,59.65
PROD_0238,523.47,556.68,27,9,3.1,742.72,741.85
PROD_0239,158.15,186.44,25,8,4.2,1212.46,206.97
PROD_0240,753.56,1049.45,52,12,1.9,1957.41,1037.89
PROD_0241,764.06,914.78,68,10,3.1,1995.13,1046.92
PROD_0242,733.59,899.15,21,8,2.0,1560.69,932.51
PROD_0243,308.72,422.48,18,3,4.0,838.41,413.17
PROD_0244,32.06,41.71,39,3,3.3,1014.14,45.35
PROD_0245,744.09,932.88,15,2,4.4,745.63,517.65
PROD_0246,353.98,470.53,53,1,4.6,1971.87,520.31
PROD_0247,773.99,1046.84,38,4,3.6,1430.13,1143.43
PROD_0248,771.62,933.6,48,2,3.9,925.42,1121.68
PROD_0249,685.35,833.58,52,2,3.2,73.62,886.13
PROD_0250,249.67,295.89,88,11,2.5,1064.94,397.53
PROD_0251,320.38,444.79,72,11,3.6,1968.66,499.39
PROD_0252,683.89,884.95,28,5,4.6,1069.97,1012.01
PROD_0253,267.2,288.34,85,4,2.7,405.73,365.84
PROD_0254,152.2,205.79,16,1,2.3,93.08,196.8
PROD_0255,454.3,553.43,16,9,2.6,741.67,623.72
PROD_0256,750.2,805.76,35,4,2.7,1840.54,1048.42
PROD_0257,562.9,699.35,17,5,1.3,1993.28,793.04
PROD_0258,464.65,555.72,73,7,3.0,1893.47,610.08
PROD_0259,95.8,130.02,99,2,3.0,1472.37,142.16
PROD_0260,499.71,560.37,52,8,3.4,1138.38,624.47
PROD_0261,792.24,1061.02,93,11,2.5,1201.84,1169.98
PROD_0262,129.27,160.96,82,2,3.5,1101.03,192.32
PROD_0263,424.3,453.62,12,11,4.5,1428.75,563.75
PROD_0264,704.35,979.15,83,10,4.8,866.8,963.73
PROD_0265,597.8,734.94,48,5,3.3,1354.95,874.27
PROD_0266,563.67,649.24,22,12,1.2,287.14,823.38
PROD_0267,567.94,689.64,49,2,4.9,568.11,721.11
PROD_0268,300.4,405.62,52,2,3.8,1680.21,427.01
PROD_0269,249.0,288.02,79,4,2.3,1812.31,329.84
PROD_0270,651.3,727.79,1,4,1.6,1101.07,804.09
PROD_0271,651.89,713.93,66,8,1.6,111.69,871.74
PROD_0272,696.32,803.72,64,6,1.7,1857.6,879.35
PROD_0273,732.33,,8,10,1.2,1419.03,1074.72
PROD_0274,418.85,508.93,86,8,4.6,857.35,562.82
PROD_0275,411.18,464.48,25,7,,1216.84,600.36
PROD_0276,642.67,712.18,66,10,3.8,888.06,955.55
PROD_0277,526.97,614.69,73,4,4.3,957.41,841.25
PROD_0278,567.53,782.61,73,2,4.2,1779.28,801.68
PROD_0279,640.72,749.68,77,9,4.5,364.11,991.69
PROD_0280,714.2,996.92,70,2,4.9,252.15,1086.65
PROD_0281,283.64,345.99,94,1,2.8,55.32,365.81
PROD_0282,312.95,348.23,79,8,4.8,662.3,448.75
PROD_0283,93.31,127.07,51,10,3.9,337.46,115.36
PROD_0284,471.06,570.51,53,9,1.3,478.97,656.52
PROD_0285,48.03,62.37,15,1,3.7,71.92,63.24
PROD_0286,383.17,534.25,50,7,3.7,493.03,495.28
PROD_0287,443.26,473.21,71,2,4.6,698.79,680.43
PROD_0288,243.5,263.92,75,6,2.5,111.56,922.83
PROD_0289,480.85,626.14,38,11,3.3,1235.41,745.15
PROD_0290,43.79,50.3,40,5,1.0,1159.16,51.77
PROD_0291,49.13,54.76,66,1,2.3,239.22,70.02
PROD_0292,661.63,703.82,39,2,1.2,1210.27,821.63
PROD_0293,300.95,318.3,74,2,3.1,1997.38,401.29
PROD_0294,119.11,157.35,17,10,4.3,1891.71,172.02
PROD_0295,427.35,468.82,7,10,1.8,55.21,536.1
PROD_0296,620.59,753.22,39,6,3.1,1600.99,332.23
PROD_0297,188.34,237.7,68,11,1.8,739.53,297.98
PROD_0298,505.85,606.99,35,12,1.5,174.12,639.36
PROD_0299,86.57,91.72,51,1,3.0,627.17,125.71
PROD_0300,60.31,79.87,47,11,1.3,677.39,79.45
PROD_0301,434.46,457.78,36,4,3.3,1070.33,547.1
PROD_0302,441.7,581.56,64,12,1.1,1339.11,614.37
PROD_0303,517.2,704.76,95,10,1.4,1510.66,820.68
PROD_0304,586.35,704.5,89,11,3.2,529.51,843.12
PROD_0305,781.16,966.64,13,5,3.4,677.45,1107.3
PROD_0306,422.71,514.42,18,2,1.1,651.34,607.7
PROD_0307,271.91,322.54,21,2,3.3,757.34,357.88
PROD_0308,640.25,871.12,65,7,4.4,1999.33,953.57
PROD_0309,231.25,315.16,100,7,3.9,1566.99,363.83
PROD_0310,362.4,423.11,8,6,1.5,1951.23,461.35
PROD_0311,81.2,102.74,48,1,3.4,1401.57,104.62
PROD_0312,39.77,54.67,85,12,3.7,842.23,60.35
PROD_0313,770.87,1068.98,43,12,1.1,810.0,1182.71
PROD_0314,672.06,825.39,53,3,4.4,1002.73,1010.35
PROD_0315,562.86,680.21,85,9,4.6,862.9,768.52
PROD_0316,338.98,389.0,27,10,4.4,1665.24,444.22
PROD_0317,155.17,215.0,19,1,4.3,956.75,222.24
PROD_0318,142.02,156.22,23,2,,626.45,170.0
PROD_0319,215.19,269.62,50,8,3.5,1560.98,320.73
PROD_0320,448.4,515.16,51,7,3.7,1716.12,562.98
PROD_0321,577.38,662.64,43,9,4.2,869.84,864.08
PROD_0322,534.95,637.53,99,10,3.6,1352.23,851.85
PROD_0323,238.35,333.59,51,12,2.3,164.67,341.06
PROD_0324,764.79,817.75,69,12,2.5,1082.46,1051.41
PROD_0325,595.56,745.93,41,4,4.6,137.71,805.34
PROD_0326,452.4,,72,4,1.1,106.92,609.34
PROD_0327,497.14,548.89,11,7,3.8,1245.2,648.02
PROD_0328,347.29,418.08,80,1,4.8,641.5,522.62
PROD_0329,213.23,261.99,88,10,3.8,1497.95,293.57
PROD_0330,297.66,339.5,85,12,5.0,1797.36,461.67
PROD_0331,611.12,709.36,52,9,3.8,321.81,886.94
PROD_0332,31.23,33.74,23,2,1.1,1462.82,42.89
PROD_0333,110.54,127.79,49,1,4.3,1053.31,147.39
PROD_0334,55.88,77.58,38,7,2.1,268.63,75.16
PROD_0335,51.77,71.47,47,6,2.8,1320.61,75.36
PROD_0336,687.26,802.17,72,12,2.2,1238.46,1101.84
PROD_0337,568.85,710.95,7,3,2.1,1055.5,691.06
PROD_0338,389.86,533.46,66,1,2.7,1856.62,497.32
PROD_0339,96.31,101.33,94,12,2.5,1066.11,159.63
PROD_0340,403.46,538.11,77,5,3.5,1981.5,628.43
PROD_0341,389.31,538.0,62,10,4.3,1043.0,572.02
PROD_0342,155.1,167.81,87,4,2.2,275.91,196.1
PROD_0343,358.4,396.58,29,5,1.9,967.42,498.41
PROD_0344,330.83,458.62,38,1,3.7,405.54,487.08
PROD_0345,500.36,619.52,84,1,3.7,1214.41,719.74
PROD_0346,515.37,543.7,33,5,4.6,1401.61,678.41
PROD_0347,55.34,63.09,29,6,1.1,963.45,229.68
PROD_0348,312.2,376.97,79,5,4.4,240.52,471.26
PROD_0349,508.17,656.82,23,2,3.1,963.85,615.05
PROD_0350,412.45,538.9,3,9,3.5,208.84,538.09
PROD_0351,688.06,,93,5,1.4,1380.15,1010.08
PROD_0352,533.78,614.18,45,11,2.7,1591.22,815.67
PROD_0353,147.09,182.15,8,11,1.9,1926.64,218.61
PROD_0354,75.04,92.8,86,5,2.0,340.16,111.24
PROD_0355,521.09,621.12,29,10,3.0,1088.22,638.63
PROD_0356,40.68,45.12,2,9,4.2,1156.7,49.88
PROD_0357,476.9,663.9,50,3,4.0,1848.83,709.94
PROD_0358,753.38,1016.05,65,5,3.4,1273.19,951.79
PROD_0359,468.87,574.09,20,12,3.2,333.74,666.89
PROD_0360,322.77,407.06,52,5,2.7,900.89,463.25
PROD_0361,521.76,589.35,85,2,4.9,1326.79,709.51
PROD_0362,377.44,468.15,37,11,3.2,1415.55,564.27
PROD_0363,445.58,576.24,72,4,2.0,1732.99,625.31
PROD_0364,754.34,928.07,27,11,1.9,401.99,1033.59
PROD_0365,321.16,448.53,47,11,3.4,1905.51,481.63
PROD_0366,769.73,972.91,99,2,,165.32,1178.18
PROD_0367,726.17,856.77,6,5,1.0,1968.34,944.36
PROD_0368,172.72,228.03,60,10,4.3,1722.65,255.39
PROD_0369,74.1,82.23,45,12,3.8,1337.53,99.7
PROD_0370,98.61,116.81,44,2,3.6,1483.24,127.79
PROD_0371,34.21,40.08,83,10,1.3,191.75,44.04
PROD_0372,93.67,112.5,18,9,2.4,130.89,129.13
PROD_0373,552.75,731.63,65,10,4.7,248.44,747.13
PROD_0374,75.53,92.1,25,6,4.5,220.35,92.98
PROD_0375,268.8,356.94,27,8,2.1,1117.39,370.98
PROD_0376,679.0,849.96,7,9,1.6,470.12,795.87
PROD_0377,38.15,44.63,44,8,2.8,1727.4,49.48
PROD_0378,655.29,873.82,29,5,2.4,919.21,882.36
PROD_0379,239.85,271.84,95,5,3.7,1406.25,332.64
PROD_0380,112.17,126.59,44,6,4.9,1323.1,556.41
PROD_0381,563.45,691.12,36,1,2.5,673.71,733.06
PROD_0382,510.58,582.72,19,11,1.2,524.18,1797.07
PROD_0383,704.43,741.89,6,8,4.6,717.79,1022.9
PROD_0384,593.36,757.66,25,2,1.2,1603.48,859.31
PROD_0385,646.72,794.74,31,6,4.8,1193.24,944.79
PROD_0386,239.99,289.41,9,9,3.7,544.4,349.42
PROD_0387,158.4,219.93,84,3,4.8,1644.8,232.67
PROD_0388,605.48,756.8,74,2,,156.78,873.31
PROD_0389,649.33,878.03,37,10,1.2,1413.41,881.96
PROD_0390,792.59,,27,5,3.0,906.25,1112.85
PROD_0391,341.84,427.04,13,11,2.8,1476.02,493.32
PROD_0392,310.17,419.91,41,9,2.3,1858.55,406.84
PROD_0393,625.6,784.56,66,6,4.8,1512.57,937.85
PROD_0394,285.83,371.95,85,8,4.3,911.83,430.85
PROD_0395,745.99,880.43,97,8,3.6,344.4,1164.67
PROD_0396,689.56,746.35,24,7,1.7,1622.38,849.13
PROD_0397,354.62,429.18,44,5,3.9,948.38,460.48
PROD_0398,605.68,719.59,98,2,3.9,196.86,837.3
PROD_0399,608.54,823.65,60,10,2.7,1452.16,852.71
PROD_0400,100.44,114.04,9,10,4.7,619.11,123.17
PROD_0401,723.99,1005.16,2,5,1.7,145.33,467.99
PROD_0402,414.1,573.67,56,12,2.1,1810.36,581.69
PROD_0403,664.64,755.47,30,7,1.3,992.05,836.87
PROD_0404,269.64,315.97,22,12,4.2,597.87,400.5
PROD_0405,718.51,979.65,75,12,3.5,1446.95,1151.76
PROD_0406,323.58,449.23,81,7,2.3,1777.51,431.6
PROD_0407,28.45,34.29,100,11,1.7,50.6,43.28
PROD_0408,726.2,844.1,13,2,1.2,1391.31,843.36
PROD_0409,91.2,,71,7,1.7,1545.67,117.78
PROD_0410,269.06,347.29,16,6,2.8,459.36,364.44
PROD_0411,761.05,871.95,97,7,2.0,1004.77,1164.03
PROD_0412,761.47,995.83,45,11,2.0,224.11,1174.76
PROD_0413,467.28,499.09,65,8,4.5,1506.16,662.15
PROD_0414,512.83,547.32,11,4,3.1,1702.54,737.26
PROD_0415,369.79,438.27,70,1,3.9,260.96,472.12
PROD_0416,248.7,291.91,20,8,1.1,1642.1,125.49
PROD_0417,276.36,320.71,99,8,2.5,1554.56,374.48
PROD_0418,544.56,665.38,63,3,2.9,726.48,799.51
PROD_0419,606.85,705.32,90,3,1.7,1396.06,829.23
PROD_0420,637.43,712.2,12,5,1.5,50.09,772.77
PROD_0421,635.9,736.57,62,3,4.5,1867.01,935.87
PROD_0422,91.14,126.8,94,5,4.8,1123.25,382.47
PROD_0423,405.65,484.3,92,8,1.3,1259.66,517.97
PROD_0424,64.9,,91,1,2.4,1346.09,85.85
PROD_0425,448.63,561.59,42,2,4.8,1144.67,552.55
PROD_0426,364.39,508.03,83,2,1.3,1720.69,535.3
PROD_0427,712.41,808.27,69,12,3.6,1238.92,1102.75
PROD_0428,293.71,378.44,58,4,4.9,1820.13,396.46
PROD_0429,111.31,144.77,5,9,4.9,1185.55,140.0
PROD_0430,131.53,166.07,27,2,2.9,383.69,186.12
PROD_0431,613.98,663.71,28,12,1.7,1831.45,904.56
PROD_0432,502.21,646.3,26,11,1.8,1379.17,736.3
PROD_0433,98.88,106.04,91,12,4.6,1413.52,150.21
PROD_0434,85.6,107.74,49,9,4.6,1971.69,115.14
PROD_0435,566.76,741.8,21,7,3.4,196.63,842.85
PROD_0436,76.76,86.26,1,10,4.1,885.76,102.58
PROD_0437,661.05,888.83,92,8,4.0,516.24,880.74
PROD_0438,570.87,605.48,58,1,3.6,1279.33,774.29
PROD_0439,83.45,112.27,79,5,4.3,1623.28,113.33
PROD_0440,86.17,104.37,55,9,3.7,1934.31,310.85
PROD_0441,789.58,,81,12,3.1,936.46,1317.96
PROD_0442,311.93,342.13,26,4,1.9,1583.13,446.34
PROD_0443,309.1,427.69,84,2,4.0,1838.25,418.65
PROD_0444,653.98,703.32,25,6,2.9,1382.48,834.04
PROD_0445,758.85,849.68,77,2,2.2,523.33,407.85
PROD_0446,789.08,924.6,33,3,4.2,1235.32,1031.97
PROD_0447,607.63,769.92,89,8,3.8,1941.41,902.49
PROD_0448,313.48,388.93,72,3,4.7,1975.73,480.6
PROD_0449,85.13,93.13,69,2,1.7,1302.6,122.35
PROD_0450,626.17,720.98,6,6,3.6,1779.63,895.56
PROD_0451,455.56,516.4,23,3,2.0,440.68,630.61
PROD_0452,350.89,394.66,30,1,4.6,529.85,244.54
PROD_0453,726.96,867.91,78,12,1.4,1908.13,1075.46
PROD_0454,106.73,138.37,54,3,,313.71,155.81
PROD_0455,404.25,455.23,87,6,4.2,422.66,517.05
PROD_0456,28.86,34.0,11,3,2.4,870.07,36.86
PROD_0457,385.56,457.59,31,9,4.8,1199.69,480.57
PROD_0458,63.92,88.96,6,7,4.4,1227.44,272.75
PROD_0459,112.68,155.96,11,5,2.2,619.35,133.03
PROD_0460,111.67,148.53,77,2,1.0,1845.2,170.74
PROD_0461,526.38,597.23,12,9,2.2,1834.44,734.16
PROD_0462,601.92,646.34,66,5,2.1,814.53,1969.72
PROD_0463,475.03,551.47,53,7,4.6,896.87,693.33
PROD_0464,770.49,880.97,99,9,4.9,1419.87,1242.0
PROD_0465,312.4,383.34,36,4,1.3,1342.84,435.44
PROD_0466,242.86,321.1,17,9,2.9,795.48,283.85
PROD_0467,697.51,941.92,28,1,3.2,857.78,1024.96
PROD_0468,194.4,261.61,92,12,1.4,728.68,312.36
PROD_0469,771.31,906.98,22,6,2.5,509.0,957.31
PROD_0470,29.48,38.05,7,2,2.3,943.37,37.16
PROD_0471,776.51,900.35,15,8,3.1,1388.55,1019.13
PROD_0472,53.66,57.49,96,5,3.6,1496.84,85.11
PROD_0473,715.09,926.44,11,3,3.8,1568.8,333.08
PROD_0474,431.61,,24,2,1.5,780.73,523.83
PROD_0475,794.51,948.02,67,8,4.3,1541.04,1235.7
PROD_0476,77.56,90.38,30,7,3.7,62.71,91.4
PROD_0477,452.01,584.3,70,9,4.6,980.25,695.74
PROD_0478,776.06,1022.99,66,8,2.8,1598.11,1063.59
PROD_0479,428.02,494.97,61,11,4.6,1278.59,651.91
PROD_0480,510.93,681.62,78,4,4.5,974.42,661.56
PROD_0481,562.68,,41,2,2.8,1307.05,849.78
PROD_0482,374.54,451.78,82,2,2.5,1818.54,557.84
PROD_0483,509.5,664.61,51,2,4.7,1154.44,782.8
PROD_0484,475.77,614.94,44,11,3.9,1609.58,739.32
PROD_0485,722.9,1008.87,95,12,4.7,1962.45,1097.17
PROD_0486,55.45,62.59,13,6,4.2,1425.86,71.24
PROD_0487,239.15,306.55,90,7,3.4,1167.99,335.78
PROD_0488,761.32,961.84,12,12,1.5,123.1,1081.65
PROD_0489,714.41,978.94,82,6,2.2,780.23,1106.44
PROD_0490,375.41,414.73,9,2,4.9,1152.61,498.44
PROD_0491,503.7,661.43,85,4,2.3,1604.55,750.9
PROD_0492,236.36,295.19,48,3,1.4,904.3,357.07
PROD_0493,166.73,191.1,49,11,3.8,1922.11,237.35
PROD_0494,381.68,464.15,53,4,3.9,580.0,563.95
PROD_0495,295.61,344.93,56,5,2.1,1501.91,406.62
PROD_0496,475.25,595.38,40,7,2.2,867.11,662.44
PROD_0497,80.63,109.75,24,9,2.9,997.68,103.94
PROD_0498,780.03,974.46,98,11,1.1,1614.88,1172.29
PROD_0499,789.24,1003.21,72,2,4.2,627.62,985.47
PROD_0500,564.57,695.3,33,8,2.3,238.78,825.19
PROD_0501,438.16,467.91,23,3,4.4,1064.5,644.53
PROD_0502,261.43,295.81,77,9,4.2,1081.15,344.25
PROD_0503,654.76,800.25,54,10,3.6,1604.48,1010.8
PROD_0504,554.09,641.96,53,12,2.3,1938.22,840.61
PROD_0505,146.84,163.52,49,4,3.1,157.84,217.95
PROD_0506,730.52,895.95,78,3,2.8,1203.79,938.77
PROD_0507,661.58,769.41,78,10,2.4,1378.49,923.74
PROD_0508,760.84,867.62,80,6,4.4,1972.31,505.27
PROD_0509,586.06,710.54,49,10,2.9,1888.05,725.38
PROD_0510,498.46,546.64,60,9,4.3,1439.28,699.29
PROD_0511,346.23,475.97,90,7,1.4,1067.49,495.61
PROD_0512,747.53,1011.93,90,4,1.6,364.97,1022.21
PROD_0513,695.53,902.57,65,3,4.9,799.14,932.83
PROD_0514,55.27,60.09,32,10,3.4,1190.99,83.35
PROD_0515,40.57,53.61,79,4,3.0,1464.14,158.51
PROD_0516,313.64,418.02,21,3,3.1,1289.03,402.31
PROD_0517,652.23,860.11,18,12,1.9,1442.54,925.05
PROD_0518,790.08,861.09,94,3,3.9,886.85,1183.47
PROD_0519,137.33,175.14,60,12,1.3,1468.87,214.61
PROD_0520,483.42,648.76,13,9,3.3,330.3,682.79
PROD_0521,317.09,397.03,24,4,3.3,367.04,369.41
PROD_0522,776.53,991.04,30,9,4.7,367.52,513.98
PROD_0523,676.85,819.28,2,12,3.1,1787.19,1032.19
PROD_0524,673.9,832.29,83,10,1.5,198.27,1017.8
PROD_0525,385.58,409.5,25,5,3.3,1612.94,553.03
PROD_0526,343.56,437.57,50,7,1.4,505.46,1454.81
PROD_0527,233.26,251.57,14,5,1.8,963.44,300.79
PROD_0528,63.97,76.91,6,1,1.1,1836.12,44.2
PROD_0529,694.48,,76,2,3.1,1192.58,1046.19
PROD_0530,654.06,811.63,84,11,1.3,459.73,2844.74
PROD_0531,799.78,877.12,87,5,2.9,603.98,1042.31
PROD_0532,797.38,1030.27,30,6,,1844.87,1089.77
PROD_0533,453.24,602.01,30,7,3.9,882.93,627.3
PROD_0534,619.81,686.24,38,2,1.3,1194.62,829.23
PROD_0535,756.92,822.4,58,10,1.9,946.87,1025.96
PROD_0536,682.72,751.63,94,9,3.7,787.95,1021.09
PROD_0537,212.93,288.95,41,6,4.6,485.39,285.45
PROD_0538,371.42,458.66,94,2,1.1,1388.07,535.43
PROD_0539,120.74,146.53,57,2,4.2,1450.57,163.3
PROD_0540,764.16,830.91,36,3,3.2,586.03,987.56
PROD_0541,492.82,629.5,64,1,3.2,1588.57,735.86
PROD_0542,198.34,268.51,98,9,4.8,1716.34,295.98
PROD_0543,543.93,728.79,16,10,4.0,1845.32,776.73
PROD_0544,502.14,637.28,88,11,4.4,364.36,763.57
PROD_0545,299.37,322.22,78,4,2.4,642.65,443.6
PROD_0546,108.57,118.27,90,5,3.2,1727.69,156.58
PROD_0547,543.83,580.4,72,7,3.5,437.15,761.17
PROD_0548,425.84,485.51,14,1,2.3,56.76,587.44
PROD_0549,622.41,683.08,31,3,3.3,1748.11,437.64
PROD_0550,425.73,485.76,66,3,1.9,686.58,584.17
PROD_0551,684.7,811.21,68,2,1.6,858.27,979.28
PROD_0552,450.49,621.69,65,8,2.5,920.35,572.73
PROD_0553,457.53,578.15,55,5,4.0,1704.14,623.34
PROD_0554,703.79,944.66,84,1,4.7,708.89,1016.9
PROD_0555,334.72,434.67,78,12,2.8,1789.95,568.6
PROD_0556,124.53,135.66,40,2,3.6,1253.03,189.3
PROD_0557,42.45,55.51,25,1,1.4,1078.21,52.16
PROD_0558,609.01,698.1,25,6,,684.95,824.11
PROD_0559,503.84,641.74,3,9,3.3,525.24,573.02
PROD_0560,569.18,665.57,69,11,4.1,1266.91,465.41
PROD_0561,186.11,260.41,26,7,4.2,921.44,260.23
PROD_0562,126.37,144.34,40,5,2.0,1825.51,159.29
PROD_0563,31.34,35.97,38,12,3.1,1008.7,43.48
PROD_0564,293.46,403.72,38,3,4.8,1048.0,443.39
PROD_0565,480.14,508.28,68,12,1.4,862.61,757.87
PROD_0566,325.95,421.73,7,12,3.7,1589.06,1626.4
PROD_0567,361.23,471.0,94,8,4.8,878.44,579.81
PROD_0568,725.24,973.81,30,10,2.2,575.22,1002.37
PROD_0569,291.64,405.69,19,4,4.4,1730.96,360.35
PROD_0570,420.91,585.68,35,9,4.7,1213.82,584.12
PROD_0571,631.25,677.23,33,5,4.0,1203.44,850.53
PROD_0572,329.3,440.49,33,6,1.9,1241.1,423.75
PROD_0573,505.23,644.78,78,5,,1451.74,758.15
PROD_0574,692.64,884.21,38,10,1.1,660.48,910.88
PROD_0575,760.63,832.83,10,12,4.3,116.0,966.25
PROD_0576,134.72,172.11,57,11,4.4,1630.66,196.3
PROD_0577,742.74,1035.28,28,7,3.5,301.36,917.49
PROD_0578,403.85,552.93,78,7,2.4,1457.55,630.67
PROD_0579,221.43,266.54,100,1,1.3,210.51,318.26
PROD_0580,378.13,402.32,38,2,4.0,781.85,535.38
PROD_0581,784.43,923.11,16,7,3.9,172.9,1022.12
PROD_0582,404.24,541.38,21,8,4.7,1068.32,577.5
PROD_0583,276.43,358.12,92,4,3.9,1323.61,420.66
PROD_0584,514.05,622.4,97,6,4.3,384.29,761.41
PROD_0585,207.31,221.68,6,11,4.0,774.67,319.76
PROD_0586,79.17,94.96,41,12,3.5,1863.97,129.69
PROD_0587,120.53,146.34,15,10,2.7,912.66,178.74
PROD_0588,119.88,164.83,3,3,4.6,1614.96,166.04
PROD_0589,138.48,176.48,43,7,3.6,1858.01,206.16
PROD_0590,128.29,148.69,47,11,2.6,1949.97,186.5
PROD_0591,519.88,641.46,99,3,1.3,1801.73,808.23
PROD_0592,161.87,173.7,14,11,2.2,668.94,253.59
PROD_0593,289.62,402.69,66,7,3.2,1927.02,448.69
PROD_0594,719.49,846.14,29,12,2.1,1634.17,1121.01
PROD_0595,389.69,474.35,4,11,1.9,1682.49,540.34
PROD_0596,540.7,634.96,26,12,3.1,79.59,715.94
PROD_0597,154.41,199.02,12,11,1.7,1910.77,209.69
PROD_0598,169.99,217.88,2,8,4.2,1567.28,238.09
PROD_0599,51.88,67.46,17,3,2.9,1547.54,66.23
PROD_0600,151.77,173.6,35,2,3.3,208.97,201.81
PROD_0601,237.3,275.38,10,12,1.6,503.51,334.85
PROD_0602,158.07,172.9,86,6,2.3,1926.41,234.08
PROD_0603,89.19,114.11,43,4,2.6,1026.32,134.77
PROD_0604,114.1,121.39,21,8,4.2,825.82,157.46
PROD_0605,379.41,477.75,15,2,4.1,1687.88,221.21
PROD_0606,180.94,,35,4,1.9,220.31,236.75
PROD_0607,304.13,414.16,85,2,3.5,863.04,456.67
PROD_0608,412.67,498.15,85,2,2.0,782.62,553.36
PROD_0609,558.51,676.22,85,2,5.0,732.21,746.27
PROD_0610,50.66,54.56,60,1,4.8,650.0,78.62
PROD_0611,643.54,826.8,44,4,3.3,459.65,898.83
PROD_0612,509.76,681.78,96,2,3.8,387.18,759.82
PROD_0613,83.77,95.13,5,9,4.2,1298.79,112.11
PROD_0614,701.39,839.88,73,9,3.9,1842.82,994.07
PROD_0615,738.28,991.95,18,11,3.8,1042.26,1068.19
PROD_0616,67.64,91.79,21,11,4.8,631.05,89.56
PROD_0617,235.96,267.85,72,7,3.4,360.36,329.59
PROD_0618,648.84,806.31,98,6,3.5,1668.78,958.28
PROD_0619,603.64,674.49,74,12,4.4,1944.41,962.82
PROD_0620,163.93,177.97,51,3,3.7,730.85,235.74
PROD_0621,183.29,250.91,41,12,3.9,617.35,296.41
PROD_0622,308.97,413.15,24,7,1.9,1222.91,428.98
PROD_0623,397.93,523.68,24,1,2.5,1561.89,583.93
PROD_0624,502.24,535.92,96,9,1.6,938.04,724.64
PROD_0625,307.75,414.02,97,4,3.0,1278.64,463.4
PROD_0626,380.78,458.19,38,6,2.8,1447.27,471.26
PROD_0627,603.03,705.44,44,6,5.0,1923.15,794.71
PROD_0628,48.61,60.34,57,11,3.4,371.82,73.77
PROD_0629,216.9,234.68,59,3,4.1,1994.9,305.39
PROD_0630,576.41,757.88,34,4,2.3,814.71,819.62
PROD_0631,718.26,900.59,75,11,4.3,1460.24,1115.79
PROD_0632,419.11,467.43,95,10,3.5,1166.21,667.48
PROD_0633,435.05,485.46,82,3,3.8,999.0,671.46
PROD_0634,103.59,115.45,23,6,2.2,1411.25,128.42
PROD_0635,368.98,394.79,86,1,3.2,821.72,522.14
PROD_0636,435.44,546.8,43,8,3.5,295.91,616.34
PROD_0637,209.13,281.09,82,8,3.4,1003.34,295.85
PROD_0638,230.01,242.92,40,9,4.7,1067.74,294.68
PROD_0639,314.28,335.39,47,6,4.6,443.71,455.07
PROD_0640,35.66,44.59,41,1,,1874.46,55.44
PROD_0641,271.22,362.58,47,3,3.7,493.58,398.78
PROD_0642,184.93,215.32,20,1,4.9,847.99,251.19
PROD_0643,275.45,322.93,77,5,4.3,352.11,392.99
PROD_0644,113.41,142.76,65,3,,1094.8,158.33
PROD_0645,714.61,818.93,68,2,2.7,649.89,985.26
PROD_0646,483.0,511.65,24,3,2.0,1004.08,650.49
PROD_0647,549.7,718.64,100,9,1.0,488.0,729.08
PROD_0648,635.55,806.5,36,11,1.8,154.86,994.8
PROD_0649,408.78,512.32,45,8,1.0,1569.49,595.66
PROD_0650,87.8,114.98,2,3,3.9,1300.12,120.31
PROD_0651,438.94,564.63,28,11,2.7,714.44,692.59
PROD_0652,477.74,536.05,26,2,2.3,142.61,592.79
PROD_0653,601.44,705.71,23,5,4.0,1737.87,736.72
PROD_0654,356.69,390.27,79,12,4.3,381.1,574.76
PROD_0655,119.51,130.92,36,12,4.9,1864.95,196.67
PROD_0656,241.35,310.53,91,12,3.6,983.26,379.52
PROD_0657,303.2,409.48,6,1,2.8,713.75,354.98
PROD_0658,523.82,726.51,35,4,2.2,1496.43,739.19
PROD_0659,465.21,590.78,38,8,1.9,1759.84,587.01
PROD_0660,297.76,331.83,35,1,1.9,772.89,392.53
PROD_0661,789.48,858.15,100,5,2.6,844.32,1093.05
PROD_0662,492.5,657.25,74,12,5.0,894.66,809.05
PROD_0663,205.04,256.82,94,4,1.0,1848.53,294.34
PROD_0664,99.39,125.87,53,6,1.8,1400.5,148.83
PROD_0665,139.23,184.27,38,7,1.8,532.91,178.85
PROD_0666,211.85,274.58,93,9,3.9,410.75,299.78
PROD_0667,145.33,195.04,59,1,2.4,499.22,222.35
PROD_0668,165.52,177.06,43,11,2.8,563.95,228.88
PROD_0669,242.37,317.91,4,10,1.6,498.86,317.22
PROD_0670,155.23,209.22,5,4,2.6,1334.09,202.18
PROD_0671,719.48,827.5,68,6,1.4,276.07,1039.72
PROD_0672,82.58,105.22,100,10,3.1,805.35,113.46
PROD_0673,429.12,497.76,45,7,1.4,1268.85,571.76
PROD_0674,340.11,471.15,80,7,4.2,617.18,502.46
PROD_0675,786.26,834.77,25,8,3.3,177.29,990.97
PROD_0676,107.39,134.55,78,10,3.9,209.56,135.89
PROD_0677,330.33,366.09,11,8,2.7,295.64,448.2
PROD_0678,776.19,1008.48,29,8,2.5,1679.89,1052.72
PROD_0679,695.1,772.64,34,8,1.4,1332.83,434.01
PROD_0680,657.32,744.33,86,12,3.1,175.82,1025.31
PROD_0681,221.16,270.49,14,8,3.1,812.58,324.37
PROD_0682,153.29,210.04,24,6,2.9,593.24,185.92
PROD_0683,541.54,608.75,59,9,4.0,1177.18,769.38
PROD_0684,744.91,819.77,39,3,,1069.47,1110.45
PROD_0685,454.28,597.66,26,6,4.0,988.19,555.56
PROD_0686,465.86,570.78,43,5,1.6,663.3,566.72
PROD_0687,238.38,326.38,36,8,3.5,318.71,313.99
PROD_0688,620.2,683.04,39,4,1.3,1497.63,2611.95
PROD_0689,165.89,211.69,61,4,3.8,1765.72,224.22
PROD_0690,272.47,308.3,16,10,2.5,1891.09,396.77
PROD_0691,351.84,388.74,59,11,1.5,164.31,527.91
PROD_0692,415.94,536.22,96,10,4.4,1492.82,591.33
PROD_0693,209.08,262.98,6,5,3.5,1466.68,274.79
PROD_0694,109.57,144.0,98,11,2.4,1896.86,185.95
PROD_0695,496.28,574.85,56,6,1.1,543.18,636.36
PROD_0696,245.13,295.82,8,11,,1497.25,350.95
PROD_0697,473.37,564.21,94,4,4.7,156.52,707.32
PROD_0698,140.4,195.78,27,2,3.4,1280.93,167.5
PROD_0699,395.29,455.49,71,12,4.9,734.15,549.56
PROD_0700,435.42,502.12,27,12,1.5,1549.37,572.28
PROD_0701,60.42,70.94,89,2,3.3,1733.44,82.35
PROD_0702,282.55,352.51,46,12,4.2,761.4,376.21
PROD_0703,124.84,142.11,41,3,3.1,1074.89,178.73
PROD_0704,69.43,95.15,79,2,1.4,278.94,108.61
PROD_0705,792.17,905.44,25,1,3.3,862.97,960.29
PROD_0706,271.44,370.11,86,8,3.4,753.56,384.07
PROD_0707,651.7,707.89,18,12,3.9,407.09,851.6
PROD_0708,218.62,279.79,12,5,4.0,1794.23,271.37
PROD_0709,551.57,754.24,87,10,4.1,338.77,752.17
PROD_0710,612.98,679.83,51,1,3.7,1289.69,837.83
PROD_0711,484.6,673.07,39,9,1.9,1785.78,732.87
PROD_0712,387.83,468.7,89,8,2.6,1828.34,543.55
PROD_0713,341.24,471.25,10,4,4.1,1596.82,469.6
PROD_0714,292.12,375.92,94,8,4.8,393.48,389.91
PROD_0715,745.03,860.93,74,12,1.3,1643.99,1022.05
PROD_0716,667.88,745.29,98,10,3.1,589.3,1066.23
PROD_0717,772.72,893.5,77,7,2.3,1848.68,1013.16
PROD_0718,116.95,126.61,54,11,1.9,1432.72,79.38
PROD_0719,590.08,649.29,29,11,3.0,1581.27,815.63
PROD_0720,751.91,817.04,41,7,3.4,215.81,1032.35
PROD_0721,161.36,193.32,9,1,1.0,1186.39,237.04
PROD_0722,71.87,95.47,63,6,4.1,1651.23,95.36
PROD_0723,598.07,657.57,77,4,4.3,1730.1,854.29
PROD_0724,468.09,512.84,37,10,4.9,105.83,1760.72
PROD_0725,676.63,862.83,14,10,1.7,1881.36,814.02
PROD_0726,129.02,144.38,73,10,3.4,134.51,189.45
PROD_0727,640.31,694.2,72,11,2.7,1248.31,869.77
PROD_0728,177.27,196.48,39,12,2.3,1402.11,251.97
PROD_0729,147.65,202.77,40,2,3.3,259.32,183.0
PROD_0730,148.13,198.12,54,10,4.1,143.62,227.29
PROD_0731,655.37,769.35,3,7,1.1,1580.58,801.13
PROD_0732,538.85,689.48,55,9,4.9,800.11,681.05
PROD_0733,427.99,529.87,33,5,4.2,258.87,589.24
PROD_0734,299.89,385.95,96,8,4.0,1537.2,433.65
PROD_0735,704.22,907.69,71,5,4.0,1705.87,1015.36
PROD_0736,326.11,414.17,19,7,2.6,1195.4,391.4
PROD_0737,656.95,750.98,34,7,4.0,364.41,928.05
PROD_0738,362.53,385.6,78,9,2.5,79.68,528.59
PROD_0739,314.02,379.79,50,3,4.6,1416.56,423.29
PROD_0740,380.89,518.71,47,1,1.7,1122.77,482.81
PROD_0741,255.07,318.67,46,2,2.2,1319.05,354.03
PROD_0742,603.14,809.01,56,12,3.2,1635.71,968.22
PROD_0743,412.12,575.76,57,6,2.3,896.74,525.51
PROD_0744,201.13,222.7,83,10,2.7,292.81,257.69
PROD_0745,721.67,932.48,51,10,3.0,1882.97,967.6
PROD_0746,319.44,410.79,54,12,4.4,1113.26,501.82
PROD_0747,443.97,618.45,90,9,3.1,1249.82,700.26
PROD_0748,727.05,1014.2,81,3,2.4,1870.15,891.29
PROD_0749,506.91,654.08,28,10,2.0,1866.59,652.32
PROD_0750,111.18,,19,2,2.6,1165.58,135.15
PROD_0751,753.07,1001.2,27,11,3.1,630.34,1040.22
PROD_0752,509.61,554.18,48,1,4.0,1994.37,713.99
PROD_0753,281.23,372.13,19,2,1.5,1377.59,407.67
PROD_0754,128.63,176.04,97,3,1.9,846.45,167.77
PROD_0755,639.34,756.97,51,7,2.5,1141.68,956.05
PROD_0756,503.66,640.01,7,2,,860.88,635.26
PROD_0757,436.1,523.56,29,5,2.6,1782.2,641.08
PROD_0758,717.24,862.99,43,2,4.2,990.87,1004.64
PROD_0759,635.11,735.85,69,7,2.3,1655.88,842.83
PROD_0760,138.31,182.11,94,10,3.0,1688.34,225.48
PROD_0761,263.14,362.52,58,8,3.5,1657.45,341.87
PROD_0762,213.82,294.92,8,8,1.9,1458.27,291.06
PROD_0763,600.28,667.01,42,8,3.9,1717.01,920.35
PROD_0764,46.16,62.59,76,10,3.2,805.1,58.95
PROD_0765,464.51,607.63,42,9,2.8,273.59,649.91
PROD_0766,614.72,699.85,13,1,4.2,1692.79,891.88
PROD_0767,703.88,755.65,26,12,2.0,1021.43,1121.84
PROD_0768,286.82,328.07,18,1,4.5,298.38,402.79
PROD_0769,660.58,904.52,42,10,3.2,274.86,839.38
PROD_0770,106.29,135.16,51,2,3.4,360.52,151.16
PROD_0771,680.23,885.91,84,11,4.5,1514.4,1091.53
PROD_0772,119.44,136.16,16,6,4.3,1436.17,169.25
PROD_0773,329.88,429.44,3,1,3.4,447.45,453.72
PROD_0774,641.89,680.3,91,5,,1701.5,850.89
PROD_0775,136.94,161.77,79,5,2.7,598.52,175.89
PROD_0776,198.82,252.37,98,4,3.2,1596.32,299.78
PROD_0777,583.36,642.35,45,11,1.2,1003.17,945.24
PROD_0778,581.63,778.25,22,5,1.4,1476.52,781.22
PROD_0779,520.1,588.88,23,12,4.3,793.71,823.49
PROD_0780,561.28,717.48,59,1,1.2,726.92,862.56
PROD_0781,443.33,528.36,62,11,1.7,1690.65,722.45
PROD_0782,216.4,272.37,68,11,4.2,118.84,353.44
PROD_0783,289.64,315.02,54,6,1.0,1950.74,426.21
PROD_0784,161.65,170.69,57,7,2.1,1313.95,237.1
PROD_0785,728.59,996.97,23,8,3.3,893.34,1034.34
PROD_0786,475.05,543.63,60,2,3.4,1274.71,606.21
PROD_0787,332.66,444.73,73,7,4.1,289.34,443.57
PROD_0788,380.36,532.42,88,6,3.0,1052.4,518.5
PROD_0789,758.88,852.98,85,9,3.0,1970.94,989.28
PROD_0790,139.61,159.55,55,8,3.9,508.78,180.42
PROD_0791,477.26,611.85,80,11,3.0,1458.44,783.98
PROD_0792,414.59,575.42,63,4,3.4,898.19,588.17
PROD_0793,496.93,681.07,56,9,4.6,1322.29,677.31
PROD_0794,34.13,41.84,55,1,2.6,449.53,50.27
PROD_0795,700.26,930.14,25,11,2.5,967.41,1008.58
PROD_0796,747.05,819.9,26,6,1.0,1961.18,941.24
PROD_0797,460.8,641.49,49,8,3.5,430.81,678.55
PROD_0798,563.39,781.71,63,11,1.1,1291.07,822.51
PROD_0799,739.55,818.91,45,11,3.0,1172.42,1128.73
PROD_0800,571.65,660.14,73,4,4.2,1151.85,809.12
PROD_0801,138.98,150.8,79,2,3.2,1249.49,201.37
PROD_0802,469.5,537.63,39,11,2.1,1029.36,742.49
PROD_0803,493.24,658.76,97,2,4.1,83.01,646.72
PROD_0804,350.82,414.82,65,10,2.1,1805.19,543.14
PROD_0805,594.43,642.54,69,1,3.9,1662.61,774.98
PROD_0806,748.81,875.94,56,5,3.4,389.63,1022.21
PROD_0807,741.94,1033.89,9,6,1.7,855.88,1082.34
PROD_0808,371.65,,70,4,4.6,1552.57,585.31
PROD_0809,108.33,129.52,28,4,1.8,1961.12,135.24
PROD_0810,788.18,873.53,45,5,5.0,1904.72,1023.02
PROD_0811,674.34,940.81,26,5,1.0,1803.75,936.82
PROD_0812,117.24,156.78,28,9,2.1,358.83,140.57
PROD_0813,738.26,847.9,40,8,1.8,1833.23,1019.93
PROD_0814,698.52,750.58,15,9,1.1,1762.97,998.18
PROD_0815,424.69,454.35,6,3,3.9,785.05,575.72
PROD_0816,481.19,525.53,27,3,3.8,819.32,625.1
PROD_0817,331.22,415.11,38,1,4.2,946.82,465.29
PROD_0818,62.71,86.24,68,10,2.0,1329.54,95.51
PROD_0819,281.45,344.46,75,6,2.8,558.63,417.11
PROD_0820,646.23,869.19,85,4,3.6,94.75,955.56
PROD_0821,23.61,28.48,64,11,2.8,325.4,33.88
PROD_0822,280.13,363.61,30,8,3.8,908.23,353.96
PROD_0823,330.57,431.78,82,2,3.5,599.91,450.68
PROD_0824,439.17,487.87,99,11,1.5,1540.81,669.39
PROD_0825,737.49,867.6,3,2,4.1,258.05,912.09
PROD_0826,290.15,369.38,62,7,3.9,1839.06,419.64
PROD_0827,290.62,312.35,12,5,3.6,1795.89,400.41
PROD_0828,595.25,700.34,91,1,1.6,1822.08,883.65
PROD_0829,372.73,461.13,30,7,2.1,1492.24,460.66
PROD_0830,195.19,273.01,85,7,2.6,258.65,286.93
PROD_0831,372.9,453.48,38,10,2.1,904.37,523.36
PROD_0832,129.87,173.45,85,6,1.9,306.24,163.01
PROD_0833,157.58,189.29,60,4,4.2,1976.01,116.38
PROD_0834,408.73,543.09,38,12,3.6,699.42,611.57
PROD_0835,346.76,436.36,15,8,3.3,1191.39,448.29
PROD_0836,733.58,997.89,18,12,,1569.82,989.74
PROD_0837,302.67,361.33,52,11,4.7,1845.2,407.43
PROD_0838,472.86,596.51,29,2,1.8,1523.32,606.45
PROD_0839,513.17,651.98,60,2,4.2,1365.28,781.42
PROD_0840,30.21,36.14,21,2,4.9,958.66,43.59
PROD_0841,537.56,591.59,17,3,3.9,1230.53,736.75
PROD_0842,158.87,172.01,18,6,5.0,233.62,596.35
PROD_0843,769.63,812.61,57,1,3.6,1773.65,1106.22
PROD_0844,135.96,184.32,37,11,1.9,1110.37,206.72
PROD_0845,343.41,389.0,60,2,1.8,128.26,437.2
PROD_0846,86.57,97.31,38,10,2.3,1843.81,121.34
PROD_0847,797.56,1042.9,12,2,1.0,1004.14,952.59
PROD_0848,411.71,478.41,75,12,3.7,1743.75,636.42
PROD_0849,484.4,594.42,84,1,2.1,1720.93,634.8
PROD_0850,72.32,80.05,73,3,4.3,1640.72,98.17
PROD_0851,604.97,838.43,1,10,2.4,169.74,696.7
PROD_0852,183.73,,58,7,2.9,531.78,245.58
PROD_0853,720.48,974.33,3,1,,1757.32,1041.23
PROD_0854,180.01,214.64,63,7,2.0,1803.03,247.38
PROD_0855,168.74,222.2,21,5,3.9,943.23,250.1
PROD_0856,48.51,53.38,23,9,4.0,908.08,68.03
PROD_0857,388.21,408.79,9,2,1.9,391.52,494.69
PROD_0858,460.58,486.82,83,1,3.0,1938.4,656.89
PROD_0859,71.25,89.44,55,9,2.4,465.62,107.98
PROD_0860,624.91,755.76,19,8,4.1,422.33,759.66
PROD_0861,373.57,459.97,62,10,3.5,1338.42,546.79
PROD_0862,429.02,451.6,87,6,2.9,523.55,632.79
PROD_0863,363.79,435.8,91,5,4.1,1880.6,1746.97
PROD_0864,332.6,432.81,91,8,1.9,71.27,433.24
PROD_0865,456.52,550.08,39,8,4.0,61.22,611.03
PROD_0866,141.09,184.3,100,5,4.5,1034.51,219.7
PROD_0867,161.9,183.2,76,12,4.5,1001.72,265.71
PROD_0868,692.19,923.8,27,7,4.1,368.56,1025.35
PROD_0869,757.97,951.97,46,1,2.6,1014.31,981.4
PROD_0870,311.18,349.7,34,4,4.9,852.74,417.01
PROD_0871,231.18,261.89,33,2,2.5,1786.14,285.93
PROD_0872,522.32,663.25,92,10,3.6,68.05,808.49
PROD_0873,338.81,454.17,95,3,1.6,1953.73,479.67
PROD_0874,39.8,47.58,96,12,4.9,1267.57,62.55
PROD_0875,141.8,161.71,50,1,3.8,346.09,214.26
PROD_0876,578.46,782.92,20,11,4.0,141.18,824.56
PROD_0877,533.96,685.74,40,11,1.3,1099.31,800.42
PROD_0878,41.13,49.64,99,2,4.1,508.04,56.34
PROD_0879,193.14,235.78,95,1,4.1,637.27,279.21
PROD_0880,200.24,224.57,58,8,3.7,528.01,300.4
PROD_0881,544.08,690.64,31,4,2.2,1317.84,751.43
PROD_0882,35.37,41.58,38,3,,1129.38,46.45
PROD_0883,101.2,141.53,86,1,1.4,202.05,129.59
PROD_0884,643.93,784.35,45,2,2.9,1076.73,860.62
PROD_0885,159.26,194.31,41,3,2.0,1592.82,220.75
PROD_0886,529.14,660.39,9,3,2.4,208.33,617.41
PROD_0887,205.78,282.1,9,6,1.7,1784.99,275.82
PROD_0888,97.56,129.79,63,10,,1177.7,137.17
PROD_0889,209.67,253.26,79,8,1.3,1903.72,325.03
PROD_0890,583.37,759.28,77,6,4.7,338.88,734.63
PROD_0891,687.44,862.87,22,2,3.1,1987.45,987.92
PROD_0892,667.57,815.99,16,2,2.6,1306.33,906.38
PROD_0893,329.8,368.49,32,7,3.1,1156.61,1288.44
PROD_0894,541.11,656.03,66,1,3.5,1054.8,855.39
PROD_0895,179.89,204.36,90,1,4.7,96.13,243.18
PROD_0896,248.66,340.71,14,7,1.7,1882.3,340.15
PROD_0897,719.14,839.52,38,9,2.2,1305.79,956.83
PROD_0898,30.14,41.69,98,5,4.9,228.67,43.23
PROD_0899,86.7,107.21,8,11,2.5,90.86,119.92
PROD_0900,182.15,231.52,100,1,1.1,149.03,240.05
PROD_0901,40.7,50.46,21,5,1.6,1238.32,55.78
PROD_0902,161.52,176.91,56,11,1.1,1247.33,244.72
PROD_0903,474.77,560.96,46,1,5.0,1024.35,707.03
PROD_0904,348.71,378.25,43,10,2.1,648.19,429.64
PROD_0905,716.28,908.27,92,12,4.7,1086.9,1090.83
PROD_0906,657.61,793.34,46,9,5.0,1056.79,954.75
PROD_0907,286.62,378.99,48,4,3.4,87.86,356.91
PROD_0908,222.35,250.63,70,9,1.1,600.81,318.57
PROD_0909,316.16,350.18,84,2,1.3,153.71,400.25
PROD_0910,480.43,572.78,31,7,2.9,1805.3,638.58
PROD_0911,229.09,314.84,33,12,2.6,1464.19,362.53
PROD_0912,506.84,658.2,44,2,3.4,1992.42,752.98
PROD_0913,339.34,406.06,71,12,2.8,639.23,523.19
PROD_0914,450.6,554.71,8,4,4.7,1763.05,658.31
PROD_0915,360.18,388.8,73,6,3.1,1225.96,531.51
PROD_0916,249.68,348.21,2,2,3.8,933.59,337.57
PROD_0917,759.79,975.0,17,2,4.6,484.02,1109.23
PROD_0918,615.61,707.89,52,2,1.6,1489.86,870.7
PROD_0919,129.29,162.26,45,3,,1813.07,184.92
PROD_0920,697.41,759.0,37,5,1.4,508.85,916.95
PROD_0921,400.2,555.49,42,9,1.6,392.01,600.45
PROD_0922,717.75,797.55,44,6,3.1,1407.63,946.53
PROD_0923,643.89,822.12,81,12,2.3,1955.1,898.49
PROD_0924,351.67,399.46,38,9,2.7,1512.41,203.98
PROD_0925,37.53,48.83,99,10,4.9,604.93,50.58
PROD_0926,229.57,303.46,94,5,1.6,868.91,307.62
PROD_0927,442.47,568.89,6,11,3.2,799.42,650.71
PROD_0928,514.11,650.39,68,6,1.4,1711.59,742.04
PROD_0929,221.15,301.29,51,10,2.3,1554.17,285.31
PROD_0930,128.7,138.67,35,12,3.1,1198.5,198.0
PROD_0931,671.25,782.55,58,8,4.8,586.17,932.5
PROD_0932,787.83,895.69,57,3,2.6,1879.08,1088.61
PROD_0933,430.04,600.25,73,2,1.3,1323.96,295.34
PROD_0934,153.91,182.58,6,3,2.6,1942.43,219.82
PROD_0935,232.4,303.61,13,9,1.6,1181.23,300.62
PROD_0936,34.34,44.29,59,6,1.9,1651.33,43.82
PROD_0937,733.15,824.23,86,10,,1635.56,1007.65
PROD_0938,111.85,126.79,92,12,1.3,707.79,171.89
PROD_0939,469.68,539.41,30,4,2.9,1929.84,654.99
PROD_0940,233.76,279.09,100,10,3.4,92.79,313.67
PROD_0941,452.26,511.96,2,3,2.7,1548.99,522.18
PROD_0942,528.11,558.15,58,2,1.1,1932.84,754.4
PROD_0943,667.2,905.91,36,4,4.9,710.87,943.06
PROD_0944,181.01,251.23,72,9,2.5,1313.82,246.28
PROD_0945,28.58,33.42,45,4,4.1,1146.34,42.25
PROD_0946,126.77,148.13,9,12,2.3,1534.94,197.64
PROD_0947,722.01,759.91,65,5,2.9,1739.05,950.15
PROD_0948,701.63,903.77,77,8,2.6,1225.94,1034.35
PROD_0949,485.98,650.68,50,2,2.4,1641.01,597.27
PROD_0950,488.4,537.88,79,12,1.1,658.96,736.12
PROD_0951,538.73,595.77,32,11,2.4,495.74,741.48
PROD_0952,156.79,207.99,98,3,4.6,889.8,217.13
PROD_0953,733.24,928.06,43,6,3.8,1371.59,1078.66
PROD_0954,346.64,369.42,95,12,1.6,415.13,555.11
PROD_0955,318.85,404.26,78,7,3.4,1376.69,411.37
PROD_0956,424.76,491.92,54,4,4.6,818.48,541.0
PROD_0957,56.63,66.77,47,1,3.8,1601.37,74.59
PROD_0958,149.7,197.52,14,7,,121.83,199.89
PROD_0959,595.67,794.52,48,12,4.5,1352.57,941.14
PROD_0960,84.58,100.66,55,9,2.2,1317.15,119.37
PROD_0961,490.46,677.57,29,1,2.8,1884.82,678.24
PROD_0962,211.37,252.01,47,1,3.1,1441.07,318.48
PROD_0963,323.65,427.26,63,1,4.4,1602.79,453.22
PROD_0964,245.18,298.96,19,10,4.7,1813.95,347.17
PROD_0965,297.42,405.73,91,7,4.7,1366.35,435.96
PROD_0966,580.86,794.45,9,11,1.0,615.8,865.05
PROD_0967,251.75,272.05,37,9,4.7,1746.06,337.8
PROD_0968,461.8,636.25,92,3,1.2,1507.78,621.91
PROD_0969,391.32,523.95,52,8,2.1,877.65,494.49
PROD_0970,537.66,713.46,57,9,3.1,1435.53,806.64
PROD_0971,750.73,841.05,88,3,2.9,1741.99,1053.78
PROD_0972,591.41,787.63,28,12,3.4,1952.52,855.1
PROD_0973,187.65,252.87,36,12,2.9,1907.09,312.57
PROD_0974,44.32,51.02,64,3,4.7,684.39,69.63
PROD_0975,224.57,310.64,18,1,2.0,872.3,329.66
PROD_0976,484.16,516.82,89,2,2.1,263.6,629.01
PROD_0977,60.11,66.27,35,7,4.7,532.71,89.95
PROD_0978,407.17,504.13,68,3,1.3,1770.72,560.79
PROD_0979,485.54,607.66,78,7,3.4,753.66,619.47
PROD_0980,280.71,358.13,39,5,3.7,1260.08,364.04
PROD_0981,621.31,656.07,90,10,3.0,1348.63,882.62
PROD_0982,103.15,142.97,8,8,3.8,1574.57,126.95
PROD_0983,78.61,83.76,88,5,1.7,406.46,341.84
PROD_0984,587.99,646.83,80,3,4.4,644.39,891.87
PROD_0985,406.48,428.8,84,9,1.6,924.26,562.37
PROD_0986,556.95,695.3,15,7,2.6,761.44,692.89
PROD_0987,359.17,494.32,7,5,1.3,1966.67,456.4
PROD_0988,212.19,272.26,17,7,3.2,1678.13,311.81
PROD_0989,658.9,881.56,86,11,3.7,985.39,899.91
PROD_0990,643.54,678.71,86,10,,1764.57,937.02
PROD_0991,561.86,696.54,64,9,4.0,727.92,731.91
PROD_0992,232.27,281.25,12,5,3.2,1582.37,342.57
PROD_0993,480.38,588.29,82,7,4.7,486.17,633.13
PROD_0994,301.56,324.26,56,11,2.9,1556.03,440.91
PROD_0995,91.43,117.91,46,9,3.2,940.08,121.3
PROD_0996,735.5,901.82,47,1,3.4,259.62,1066.13
PROD_0997,126.72,166.99,79,4,2.6,582.86,166.58
PROD_0998,761.19,928.53,16,1,4.4,834.44,2903.65
PROD_0999,367.88,405.51,69,8,,1511.12,475.39
PROD_1000,164.4,209.93,2,3,3.2,192.32,233.91
PROD_1001,442.68,491.53,92,2,3.9,1336.12,649.01
PROD_1002,700.9,949.95,54,4,4.6,1446.23,1010.06
PROD_1003,591.14,747.54,27,11,4.5,1325.15,853.96
PROD_1004,649.12,717.29,31,3,3.0,1533.31,857.06
PROD_1005,533.85,740.35,41,11,3.6,397.43,730.01
PROD_1006,559.98,689.57,36,5,2.6,1194.85,783.86
PROD_1007,682.37,733.9,47,8,2.9,1885.23,369.36
PROD_1008,214.74,272.59,43,10,4.6,1241.03,296.4
PROD_1009,401.75,457.44,65,8,4.7,1242.11,620.76
PROD_1010,192.54,256.33,50,11,4.6,1486.06,271.68
PROD_1011,790.38,1056.14,93,7,1.6,699.75,1219.49
PROD_1012,756.37,1053.34,1,8,4.4,1415.93,996.0
PROD_1013,50.75,62.21,72,5,4.8,1836.66,71.38
PROD_1014,570.35,689.69,57,10,2.4,71.25,777.17
PROD_1015,741.69,974.38,16,10,3.1,1746.72,1041.36
PROD_1016,160.85,176.35,28,11,4.1,476.31,242.57
PROD_1017,463.0,574.77,86,12,3.2,939.05,708.03
PROD_1018,734.08,911.13,82,11,5.0,1712.08,1125.65
PROD_1019,46.48,50.26,22,6,2.8,1656.63,56.5
PROD_1020,563.99,674.7,41,8,3.9,1789.26,752.63
PROD_1021,251.93,339.77,76,1,4.2,1883.81,350.97
PROD_1022,741.03,1000.13,19,6,3.0,921.96,984.71
PROD_1023,777.43,843.3,89,6,4.4,1329.91,1139.47
PROD_1024,756.53,818.38,50,11,3.2,811.43,1149.05
PROD_1025,389.89,445.23,59,5,2.6,733.9,560.82
PROD_1026,692.39,939.0,69,4,1.4,891.61,898.23
PROD_1027,678.75,743.31,34,1,2.6,1499.0,976.24
PROD_1028,268.9,350.11,39,11,3.9,1027.81,361.58
PROD_1029,666.55,723.48,74,10,4.7,1637.42,996.8
PROD_1030,48.87,61.97,7,11,2.0,1503.18,62.9
PROD_1031,485.09,569.8,52,8,2.4,89.93,691.59
PROD_1032,199.41,264.44,60,6,1.6,1278.96,274.52
PROD_1033,114.04,129.07,52,3,3.8,901.31,157.9
PROD_1034,80.02,101.93,79,12,4.8,940.43,126.3
PROD_1035,563.11,637.71,24,3,3.6,1645.83,690.58
PROD_1036,285.1,370.57,26,12,3.5,1117.84,396.27
PROD_1037,585.32,793.57,90,6,3.2,1776.96,864.41
PROD_1038,70.98,77.68,90,12,1.4,1439.97,115.18
PROD_1039,265.93,359.88,10,7,3.9,1128.04,342.43
PROD_1040,440.8,554.42,17,8,3.4,1521.35,562.3
PROD_1041,636.76,696.93,78,5,3.6,124.78,897.58
PROD_1042,268.63,322.26,2,10,4.6,102.81,359.39
PROD_1043,508.2,562.22,77,6,4.1,212.53,710.62
PROD_1044,711.06,920.91,27,12,4.1,903.25,1111.81
PROD_1045,500.37,658.29,73,1,4.7,509.13,699.04
PROD_1046,201.71,219.26,71,6,5.0,1969.31,270.6
PROD_1047,39.03,47.9,48,9,3.3,1107.47,51.07
PROD_1048,698.68,932.82,74,10,1.4,1341.71,956.22
PROD_1049,36.59,50.41,9,4,2.8,593.7,49.85
PROD_1050,702.27,863.6,86,10,4.2,677.5,961.46
PROD_1051,432.57,598.07,23,1,1.1,704.15,622.0
PROD_1052,752.47,931.18,71,11,1.2,1412.53,1104.74
PROD_1053,643.05,763.92,73,9,1.3,973.73,891.85
PROD_1054,798.39,1075.33,27,4,3.9,1059.48,974.44
PROD_1055,293.56,358.88,88,2,3.0,1204.41,442.21
PROD_1056,618.41,751.47,93,1,2.5,1549.18,963.79
PROD_1057,333.51,407.41,81,3,1.4,226.22,420.98
PROD_1058,394.3,530.88,84,7,3.9,1564.9,634.12
PROD_1059,509.45,683.27,71,11,2.3,1148.31,728.26
PROD_1060,701.47,835.61,43,10,2.1,1354.74,1027.17
PROD_1061,787.59,918.84,7,2,3.6,688.73,1111.73
PROD_1062,619.25,756.84,92,9,3.2,848.3,950.05
PROD_1063,345.86,432.49,83,12,2.4,500.77,564.81
PROD_1064,348.66,395.18,63,11,3.6,1959.63,560.64
PROD_1065,595.31,790.51,84,2,2.1,1019.16,923.93
PROD_1066,206.25,251.68,44,5,4.2,1992.35,272.6
PROD_1067,106.17,123.89,39,8,1.9,1005.08,143.57
PROD_1068,296.61,322.52,40,12,1.6,478.51,447.29
PROD_1069,244.05,276.65,7,10,4.1,1039.53,341.53
PROD_1070,251.12,347.11,70,8,3.8,127.21,358.04
PROD_1071,202.21,233.92,25,3,1.7,1814.3,248.05
PROD_1072,52.83,58.6,59,2,1.5,1646.17,36.19
PROD_1073,33.94,41.11,13,9,4.4,1465.35,50.54
PROD_1074,790.42,914.9,86,3,4.1,1239.16,1115.54
PROD_1075,353.66,375.7,81,8,2.3,1180.68,474.95
PROD_1076,319.77,371.93,86,2,3.6,1993.62,424.71
PROD_1077,550.12,682.4,98,3,1.5,592.09,740.81
PROD_1078,190.24,236.48,62,1,3.0,1570.38,278.31
PROD_1079,760.97,893.98,8,11,1.1,1183.74,1152.99
PROD_1080,633.35,764.17,45,6,2.6,1952.97,800.84
PROD_1081,89.74,124.55,18,7,1.3,1664.22,121.13
PROD_1082,345.71,408.66,88,4,2.9,1997.12,521.95
PROD_1083,705.71,804.78,60,1,2.7,1197.23,945.77
PROD_1084,756.89,859.23,60,3,2.8,448.86,1034.84
PROD_1085,384.57,465.42,2,9,1.2,1032.19,522.75
PROD_1086,498.46,655.89,66,5,2.4,1436.67,762.69
PROD_1087,150.29,168.64,91,6,4.0,1560.0,223.45
PROD_1088,793.11,1029.66,14,4,2.5,50.99,1086.42
PROD_1089,200.7,212.22,48,1,3.9,1034.8,268.93
PROD_1090,755.33,903.85,56,5,2.5,508.71,974.01
PROD_1091,526.72,696.09,12,5,,1756.08,666.48
PROD_1092,494.03,577.31,96,5,3.3,348.17,685.72
PROD_1093,419.9,523.74,92,6,4.8,1349.59,562.8
PROD_1094,199.92,224.26,55,11,1.4,568.82,270.4
PROD_1095,157.69,206.53,28,2,1.1,745.26,218.76
PROD_1096,191.98,205.09,89,1,3.4,1884.09,290.21
PROD_1097,165.42,223.05,4,2,,518.87,194.36
PROD_1098,628.08,703.05,90,10,5.0,235.26,868.04
PROD_1099,293.1,397.45,36,6,2.9,185.11,406.52
PROD_1100,65.12,76.41,50,5,2.9,1034.0,85.03
PROD_1101,775.9,1010.95,3,5,3.6,1301.34,993.3
PROD_1102,709.35,824.08,1,12,3.2,688.22,1015.83
PROD_1103,743.65,1016.62,17,12,3.5,1396.01,952.26
PROD_1104,796.03,871.11,71,6,4.5,169.02,1050.26
PROD_1105,155.64,173.14,62,10,4.0,1721.8,204.59
PROD_1106,329.07,402.31,48,7,3.0,1642.31,421.88
PROD_1107,611.43,659.53,62,9,2.8,1971.72,935.66
PROD_1108,562.9,629.65,69,7,3.6,1876.18,790.97
PROD_1109,140.04,193.3,19,2,2.8,744.58,187.43
PROD_1110,656.35,913.49,34,6,2.8,828.59,935.08
PROD_1111,195.06,230.5,99,9,1.1,1504.63,252.3
PROD_1112,194.58,267.18,49,7,1.7,311.46,254.69
PROD_1113,438.84,544.46,80,2,3.0,662.33,670.69
PROD_1114,482.49,552.17,47,3,4.3,281.15,700.67
PROD_1115,472.47,612.24,91,8,2.1,937.03,2169.57
PROD_1116,91.36,117.0,50,11,3.1,1126.41,130.67
PROD_1117,704.42,983.51,89,9,2.4,461.76,1054.99
PROD_1118,227.17,259.6,26,4,1.4,101.93,289.21
PROD_1119,121.02,155.54,56,9,,1452.74,156.14
PROD_1120,713.22,761.87,78,2,4.4,89.01,934.08
PROD_1121,765.41,834.12,14,11,1.3,1948.14,1075.23
PROD_1122,692.46,728.03,78,5,3.9,482.13,882.24
PROD_1123,651.42,911.87,25,11,2.4,1344.61,938.55
PROD_1124,531.09,706.77,100,2,5.0,897.77,818.37
PROD_1125,449.67,595.97,4,11,2.2,166.36,620.96
PROD_1126,87.85,107.91,79,1,2.0,970.76,114.59
PROD_1127,338.59,391.08,32,5,,1057.68,457.42
PROD_1128,310.7,342.68,82,2,4.3,1716.63,474.2
PROD_1129,222.61,255.92,78,7,1.8,1478.08,277.36
PROD_1130,584.27,690.36,65,8,3.8,204.64,732.59
PROD_1131,406.78,534.8,61,2,1.2,457.87,546.65
PROD_1132,83.22,103.09,20,7,4.7,658.18,102.54
PROD_1133,191.74,206.53,74,4,1.3,276.99,288.96
PROD_1134,552.94,584.08,10,1,4.7,940.95,751.1
PROD_1135,79.38,86.19,88,11,3.0,1969.4,119.2
PROD_1136,683.94,816.4,34,3,2.8,1053.49,963.3
PROD_1137,406.21,559.2,61,11,4.9,1496.67,608.76
PROD_1138,394.86,502.69,92,12,5.0,1381.73,580.19
PROD_1139,482.08,641.47,27,1,3.6,1707.33,613.21
PROD_1140,663.25,804.68,40,5,1.5,470.66,904.58
PROD_1141,291.29,342.73,65,8,3.0,1519.96,374.22
PROD_1142,548.85,597.12,33,1,3.1,1768.64,733.23
PROD_1143,461.27,625.75,68,9,3.1,384.44,611.04
PROD_1144,228.28,302.27,71,3,3.3,726.26,298.23
PROD_1145,705.33,782.1,9,5,1.1,1941.7,960.32
PROD_1146,641.99,789.2,16,9,3.8,1572.54,925.68
PROD_1147,533.59,651.29,5,5,3.8,601.05,750.48
PROD_1148,683.45,867.15,98,9,1.5,1149.69,1014.07
PROD_1149,696.49,961.97,23,10,3.3,838.44,1021.63
PROD_1150,572.52,717.33,43,8,3.3,1005.43,700.41
PROD_1151,672.87,833.74,89,7,3.7,742.57,901.69
PROD_1152,564.03,602.16,57,11,1.3,594.7,793.99
PROD_1153,550.51,590.16,51,1,3.5,1365.79,732.02
PROD_1154,502.52,560.59,13,4,,1568.16,347.46
PROD_1155,607.12,644.37,24,9,3.0,1754.22,775.09
PROD_1156,143.71,188.29,11,10,4.1,352.89,172.85
PROD_1157,707.08,921.44,52,8,3.8,1654.57,1001.72
PROD_1158,700.04,768.38,17,4,1.5,546.86,3054.71
PROD_1159,42.81,57.48,37,12,3.4,883.31,60.87
PROD_1160,664.14,733.32,13,1,4.9,1807.82,315.25
PROD_1161,120.52,139.25,62,10,1.6,936.28,173.88
PROD_1162,281.39,319.98,91,4,4.4,434.27,386.27
PROD_1163,599.94,708.11,84,3,3.8,361.74,835.09
PROD_1164,145.39,165.62,97,6,4.1,972.32,201.95
PROD_1165,658.01,803.52,96,11,2.1,1537.21,1066.48
PROD_1166,669.06,797.92,8,5,2.2,1994.55,993.41
PROD_1167,415.82,580.2,56,5,4.6,1585.45,606.49
PROD_1168,24.98,26.72,93,2,2.4,1760.17,35.07
PROD_1169,243.89,268.22,83,12,1.3,1508.27,361.98
PROD_1170,501.2,535.53,70,3,3.4,1796.1,668.52
PROD_1171,785.33,996.61,44,11,1.5,198.77,1212.44
PROD_1172,512.81,548.24,60,6,4.2,1863.37,737.89
PROD_1173,222.65,298.96,41,2,3.6,822.99,273.36
PROD_1174,514.52,632.44,21,4,4.5,1847.15,726.4
PROD_1175,441.19,544.63,86,2,4.1,197.68,641.91
PROD_1176,628.28,783.19,42,9,1.4,1444.72,959.86
PROD_1177,103.44,114.8,74,3,2.5,1484.59,159.46
PROD_1178,613.6,686.74,74,10,4.1,1993.98,801.26
PROD_1179,442.19,513.64,29,10,2.7,1549.27,624.88
PROD_1180,771.13,969.87,80,6,4.9,796.02,1106.0
PROD_1181,286.66,322.07,65,1,3.9,1136.63,374.6
PROD_1182,513.45,560.02,17,11,1.1,764.77,745.71
PROD_1183,746.98,1037.96,30,10,4.5,432.24,1015.96
PROD_1184,99.96,105.72,26,3,1.4,534.58,117.75
PROD_1185,751.04,999.59,53,8,1.6,482.92,1092.98
PROD_1186,556.55,737.88,19,5,3.9,1120.19,764.11
PROD_1187,72.91,84.14,53,8,4.5,1817.01,96.95
PROD_1188,254.75,279.58,85,2,3.1,1829.82,366.5
PROD_1189,572.37,630.17,17,7,2.2,156.79,748.01
PROD_1190,72.53,93.87,46,9,2.4,205.8,92.85
PROD_1191,474.09,604.46,85,7,2.4,527.98,722.96
PROD_1192,289.79,383.67,53,3,,547.37,340.38
PROD_1193,504.31,695.0,64,7,2.0,235.03,643.95
PROD_1194,55.68,71.95,45,8,3.4,807.5,68.18
PROD_1195,699.8,772.96,49,1,4.6,1196.06,422.54
PROD_1196,779.32,884.69,19,3,2.2,1177.42,1079.92
PROD_1197,775.72,1043.17,71,5,1.7,1109.69,1048.8
PROD_1198,604.73,679.27,81,12,4.4,710.41,883.87
PROD_1199,121.47,130.62,65,6,4.0,1427.59,185.77
PROD_1200,611.45,792.52,37,3,4.7,1661.64,2479.17
PROD_1201,39.18,46.66,70,4,1.7,725.23,53.23
PROD_1202,37.26,51.12,26,5,1.6,216.79,44.34
PROD_1203,272.42,348.04,2,3,3.2,627.84,174.88
PROD_1204,401.14,433.89,59,4,3.5,317.87,534.93
PROD_1205,620.92,857.95,96,5,2.9,961.35,848.22
PROD_1206,552.97,630.66,5,2,3.4,354.07,226.02
PROD_1207,367.8,429.6,37,10,1.7,952.55,538.7
PROD_1208,233.43,,31,9,2.9,480.96,291.53
PROD_1209,797.76,851.95,76,10,3.6,1490.53,1225.37
PROD_1210,352.42,431.29,99,8,2.7,103.76,519.69
PROD_1211,372.08,406.75,94,12,3.7,1131.76,552.18
PROD_1212,147.63,175.73,48,6,2.8,380.5,206.36
PROD_1213,639.95,750.5,6,10,2.3,51.93,833.33
PROD_1214,561.07,740.89,15,11,2.2,1744.94,756.02
PROD_1215,192.2,255.84,15,3,2.6,1359.48,283.09
PROD_1216,84.26,92.99,61,11,1.1,242.94,124.75
PROD_1217,550.79,648.99,16,2,3.7,1344.94,795.49
PROD_1218,530.52,626.37,20,7,4.4,1242.71,778.19
PROD_1219,233.14,257.15,77,8,2.4,973.05,297.35
PROD_1220,761.67,1012.61,44,10,,867.55,976.28
PROD_1221,137.83,178.83,42,1,4.9,1779.79,180.0
PROD_1222,357.22,398.89,46,6,2.1,528.04,508.13
PROD_1223,756.02,890.86,95,7,1.5,826.7,1162.82
PROD_1224,347.39,377.62,34,9,2.5,691.78,460.85
PROD_1225,518.05,657.86,64,12,4.0,1553.84,713.78
PROD_1226,330.12,,29,3,2.2,1837.11,182.77
PROD_1227,233.89,326.29,3,2,3.3,1707.07,326.8
PROD_1228,787.5,1042.05,9,5,2.7,1605.52,1130.25
PROD_1229,339.28,402.58,75,10,1.5,1974.24,462.05
PROD_1230,717.4,898.54,75,1,2.3,1409.43,922.4
PROD_1231,199.36,272.92,25,6,3.9,1514.55,269.87
PROD_1232,186.22,231.65,86,9,3.4,1966.46,245.42
PROD_1233,44.28,49.2,42,10,,63.63,62.08
PROD_1234,528.3,624.74,46,9,1.7,1286.39,721.11
PROD_1235,307.45,413.55,73,7,3.6,1490.99,450.87
PROD_1236,694.2,885.43,84,11,4.3,1839.76,1073.54
PROD_1237,389.1,497.18,59,7,2.4,1773.5,518.28
PROD_1238,775.19,1049.13,21,8,3.4,1691.82,988.54
PROD_1239,164.71,224.48,74,10,1.7,1894.29,252.55
PROD_1240,697.53,956.96,22,2,2.2,1097.89,989.67
PROD_1241,625.75,677.81,29,6,1.1,63.49,805.91
PROD_1242,621.32,770.71,63,5,4.1,71.56,835.29
PROD_1243,678.93,888.84,73,5,2.6,1112.05,870.74
PROD_1244,613.6,806.84,61,3,4.3,898.78,782.28
PROD_1245,508.45,641.84,64,3,3.8,929.93,738.77
PROD_1246,122.37,135.63,69,6,,830.79,173.67
PROD_1247,45.37,60.3,40,12,2.1,1839.57,65.65
PROD_1248,738.26,961.25,75,10,1.7,750.38,1108.91
PROD_1249,500.99,541.14,1,10,4.9,1719.64,690.64
PROD_1250,641.3,777.47,65,7,,1810.59,899.35
PROD_1251,395.59,439.45,62,1,4.3,1024.03,522.18
PROD_1252,111.5,130.25,54,3,1.1,921.53,164.61
PROD_1253,117.64,124.27,60,12,2.4,1533.99,180.21
PROD_1254,554.74,660.21,46,1,4.0,1430.54,343.3
PROD_1255,355.64,441.87,5,10,1.3,690.64,479.46
PROD_1256,176.41,223.48,22,3,3.3,249.97,226.65
PROD_1257,403.44,517.3,90,5,2.7,566.46,622.62
PROD_1258,70.08,94.1,53,9,1.1,305.51,105.03
PROD_1259,473.94,533.38,70,3,1.9,624.73,672.64
PROD_1260,229.81,251.0,32,10,2.1,560.55,319.36
PROD_1261,642.1,865.57,11,10,1.4,1293.54,259.32
PROD_1262,262.08,289.55,10,9,3.5,1911.27,354.36
PROD_1263,375.07,521.79,39,1,2.0,1387.2,1735.43
PROD_1264,29.06,39.09,98,6,2.1,1856.97,41.37
PROD_1265,76.51,93.75,31,9,4.6,1579.06,109.98
PROD_1266,326.14,454.48,12,12,2.9,1469.36,497.17
PROD_1267,394.35,427.51,80,5,2.6,857.42,526.97
PROD_1268,488.02,564.18,38,11,3.9,683.35,658.14
PROD_1269,247.5,315.16,67,10,4.6,1700.24,370.01
PROD_1270,562.09,659.05,66,2,1.1,1815.52,838.3
PROD_1271,690.9,949.93,52,5,2.8,931.17,1031.62
PROD_1272,628.28,674.13,5,1,3.4,67.67,861.36
PROD_1273,50.9,63.24,11,9,2.3,1595.44,72.49
PROD_1274,394.8,496.18,25,10,,605.88,541.12
PROD_1275,101.85,130.2,35,10,4.9,69.28,121.51
PROD_1276,208.8,237.92,35,9,4.8,1619.73,306.01
PROD_1277,789.6,929.83,22,6,2.1,1058.96,967.09
PROD_1278,131.15,176.43,37,11,1.9,1386.16,180.56
PROD_1279,409.13,457.5,86,9,4.8,1833.65,592.12
PROD_1280,502.16,672.6,55,3,2.8,1105.29,664.45
PROD_1281,567.92,708.16,75,4,1.8,1031.23,799.81
PROD_1282,456.53,601.14,96,6,3.8,616.79,619.11
PROD_1283,27.62,35.9,99,4,2.1,645.13,38.45
PROD_1284,274.64,308.32,95,1,2.1,1603.26,358.69
PROD_1285,423.82,529.38,72,7,4.5,925.61,218.89
PROD_1286,88.54,119.85,64,5,1.6,368.88,127.53
PROD_1287,293.49,352.55,20,8,,234.33,413.41
PROD_1288,45.9,63.72,98,9,2.1,972.19,69.2
PROD_1289,81.29,98.22,4,5,3.4,956.66,102.18
PROD_1290,329.6,362.55,18,8,1.5,1324.24,455.43
PROD_1291,123.52,146.53,51,1,2.9,968.58,160.21
PROD_1292,462.68,639.93,68,1,3.5,329.78,578.17
PROD_1293,557.78,648.09,20,7,4.4,1040.22,778.67
PROD_1294,644.46,872.49,9,6,1.9,1818.24,880.98
PROD_1295,176.12,239.24,80,5,4.3,360.91,269.19
PROD_1296,150.64,176.63,26,5,1.9,1395.02,209.92
PROD_1297,101.56,109.6,25,9,3.7,1208.03,127.08
PROD_1298,516.42,673.2,68,1,2.7,1509.74,806.96
PROD_1299,571.05,661.86,41,8,1.5,343.67,778.64
PROD_1300,44.64,,59,2,3.9,1886.13,68.44
PROD_1301,750.25,903.99,45,7,1.9,1260.88,1095.42
PROD_1302,60.54,73.85,41,6,1.7,1701.79,79.07
PROD_1303,442.21,584.72,38,10,2.4,530.88,537.01
PROD_1304,573.07,678.41,19,2,3.6,1491.86,714.07
PROD_1305,699.36,842.79,14,12,1.9,1573.01,925.05
PROD_1306,576.99,681.81,21,3,1.7,825.0,731.32
PROD_1307,645.35,760.59,15,4,1.0,798.71,833.44
PROD_1308,284.77,351.43,3,7,2.9,1332.7,399.07
PROD_1309,655.56,873.92,37,8,2.7,232.14,957.76
PROD_1310,82.49,97.06,46,11,1.9,1484.47,126.82
PROD_1311,717.96,885.59,16,2,1.2,133.63,808.15
PROD_1312,447.12,574.44,14,8,2.7,421.65,564.55
PROD_1313,657.49,752.37,9,11,4.2,1345.08,977.3
PROD_1314,372.81,427.66,7,9,3.9,241.73,436.91
PROD_1315,521.99,718.62,14,7,4.4,1945.09,756.87
PROD_1316,430.59,561.17,6,1,1.0,1743.37,1879.55
PROD_1317,590.64,739.49,85,6,4.9,1271.29,836.94
PROD_1318,83.67,106.82,15,8,2.4,1647.16,117.11
PROD_1319,67.07,71.12,52,5,5.0,1780.78,88.91
PROD_1320,212.74,269.4,72,12,2.0,555.98,330.59
PROD_1321,144.44,177.43,34,2,2.9,1706.35,176.71
PROD_1322,699.99,868.7,1,5,2.4,429.85,829.86
PROD_1323,190.99,224.56,96,8,2.4,856.02,287.3
PROD_1324,781.17,842.51,69,2,4.4,1138.61,1129.78
PROD_1325,282.78,316.05,94,1,4.0,1442.09,199.01
PROD_1326,162.05,224.08,86,4,5.0,108.78,231.01
PROD_1327,635.96,758.73,20,4,3.5,616.49,886.06
PROD_1328,533.79,647.67,80,9,2.9,1236.61,806.67
PROD_1329,408.59,436.56,7,3,1.4,746.87,582.53
PROD_1330,453.18,481.8,7,4,5.0,1561.3,655.72
PROD_1331,580.98,755.86,50,3,3.2,1320.72,860.81
PROD_1332,198.19,245.43,2,2,3.8,507.08,270.59
PROD_1333,797.14,978.93,47,4,2.6,334.56,1119.48
PROD_1334,780.34,885.76,14,8,3.2,1276.64,945.26
PROD_1335,527.25,691.05,31,1,4.8,928.41,679.43
PROD_1336,175.64,194.77,50,8,1.7,379.47,256.99
PROD_1337,550.58,614.71,61,8,2.2,686.43,801.62
PROD_1338,76.31,92.44,41,3,1.6,640.94,103.05
PROD_1339,43.91,50.5,14,10,4.2,260.86,58.01
PROD_1340,220.99,251.18,5,10,1.2,1116.47,257.43
PROD_1341,380.85,485.9,75,12,1.3,1539.11,563.2
PROD_1342,697.25,890.98,5,12,2.2,1172.16,967.72
PROD_1343,587.19,786.0,64,6,3.1,1661.27,818.19
PROD_1344,599.31,716.89,29,4,,298.76,874.77
PROD_1345,351.88,378.48,75,1,1.2,899.44,454.78
PROD_1346,289.83,332.08,5,1,4.8,1238.36,376.17
PROD_1347,309.41,431.01,96,5,4.8,1368.2,447.5
PROD_1348,790.37,994.83,36,12,2.1,1406.78,502.44
PROD_1349,51.29,66.59,79,8,3.9,1471.48,80.61
PROD_1350,696.28,732.89,19,1,3.3,1320.29,929.84
PROD_1351,471.37,580.43,64,2,1.9,233.74,713.1
PROD_1352,362.12,384.98,22,7,2.0,1405.85,485.8
PROD_1353,585.7,731.68,34,8,3.0,1463.33,724.99
PROD_1354,399.6,548.36,56,12,2.7,1987.29,618.67
PROD_1355,701.27,974.03,17,3,2.2,1402.06,887.74
PROD_1356,722.55,895.38,76,11,4.2,1389.32,1138.19
PROD_1357,348.94,422.35,89,12,2.9,1053.89,587.02
PROD_1358,235.93,325.76,56,8,3.6,1742.45,356.73
PROD_1359,482.03,619.78,17,1,1.8,1993.83,603.95
PROD_1360,731.64,784.84,74,9,3.1,1569.14,1032.59
PROD_1361,184.32,223.58,92,12,,1244.38,257.27
PROD_1362,505.91,573.75,82,2,3.1,203.96,658.96
PROD_1363,512.62,622.54,18,2,4.1,1467.14,636.03
PROD_1364,591.83,,45,4,4.1,1431.7,828.93
PROD_1365,122.62,153.74,96,12,2.4,1562.36,197.65
PROD_1366,578.34,679.48,78,10,3.8,292.88,862.68
PROD_1367,729.05,807.41,56,3,4.8,1324.78,923.66
PROD_1368,160.15,196.4,80,4,3.5,626.66,70.57
PROD_1369,205.28,275.2,50,6,1.6,1532.53,274.1
PROD_1370,777.69,997.31,58,7,3.7,518.73,991.2
PROD_1371,161.16,188.31,18,5,1.4,1383.76,205.82
PROD_1372,686.42,945.5,80,2,4.5,625.24,964.57
PROD_1373,403.98,553.15,81,3,3.1,67.54,581.04
PROD_1374,212.84,239.08,7,10,2.5,1285.05,307.53
PROD_1375,699.18,743.79,76,11,1.2,270.87,1013.76
PROD_1376,367.34,481.01,98,3,2.5,1335.62,545.68
PROD_1377,421.56,564.75,10,5,4.6,1854.94,532.68
PROD_1378,300.2,416.91,69,12,1.1,1940.03,493.24
PROD_1379,482.5,656.9,85,11,2.9,510.05,701.22
PROD_1380,147.55,185.94,3,12,4.7,1628.04,195.88
PROD_1381,325.04,401.6,83,5,2.6,739.43,411.89
PROD_1382,776.14,822.51,44,4,2.7,1805.89,1023.65
PROD_1383,221.34,251.52,99,8,3.3,1585.6,331.59
PROD_1384,532.25,644.49,70,6,2.9,194.15,2479.81
PROD_1385,273.65,347.53,14,6,1.7,843.92,382.68
PROD_1386,623.31,776.04,4,1,1.1,707.77,772.48
PROD_1387,122.08,159.92,18,6,3.4,1581.1,166.73
PROD_1388,776.46,891.31,93,3,4.7,850.06,3934.76
PROD_1389,373.96,466.6,99,6,1.4,1384.95,585.76
PROD_1390,204.12,220.62,52,10,1.8,1224.75,289.05
PROD_1391,77.33,92.39,38,11,2.5,1952.5,117.57
PROD_1392,152.41,200.05,80,6,4.2,1878.68,231.63
PROD_1393,425.42,549.94,20,2,2.1,884.01,590.1
PROD_1394,282.86,395.08,88,1,4.5,1460.98,391.64
PROD_1395,666.53,,99,11,1.2,1667.45,2569.91
PROD_1396,356.09,435.99,44,3,4.8,1802.83,528.89
PROD_1397,214.0,249.38,51,5,3.2,182.86,309.57
PROD_1398,501.37,603.76,19,4,3.6,639.05,649.0
PROD_1399,571.29,771.2,68,7,2.5,674.45,881.93
PROD_1400,150.29,193.8,97,4,4.1,897.17,209.65
PROD_1401,150.74,204.84,66,8,1.7,380.07,200.65
PROD_1402,48.6,54.5,13,7,1.2,1017.6,62.3
PROD_1403,594.39,805.81,62,10,2.6,1343.27,905.09
PROD_1404,537.77,575.9,61,9,4.4,1019.86,715.05
PROD_1405,390.21,531.08,30,1,4.0,1348.3,517.91
PROD_1406,678.45,790.52,98,5,3.1,179.56,902.85
PROD_1407,648.42,752.24,30,4,3.3,1758.18,877.07
PROD_1408,476.58,585.82,51,6,1.5,1881.18,701.28
PROD_1409,697.25,961.68,88,1,4.4,1254.92,968.11
PROD_1410,180.56,192.6,48,6,4.1,1768.71,270.14
PROD_1411,107.3,125.89,33,1,3.6,306.32,156.21
PROD_1412,230.4,311.0,74,1,2.9,1605.03,300.23
PROD_1413,64.53,76.7,82,8,,282.34,99.33
PROD_1414,434.31,486.3,19,2,4.5,845.62,546.36
PROD_1415,750.55,899.67,71,10,3.6,681.45,971.25
PROD_1416,50.69,60.06,57,6,2.5,1191.9,71.05
PROD_1417,115.25,157.93,19,6,3.5,637.95,153.87
PROD_1418,372.72,490.75,88,6,3.3,1292.76,522.95
PROD_1419,748.42,918.16,79,8,2.6,766.41,981.04
PROD_1420,266.6,372.16,41,4,2.2,1728.54,400.17
PROD_1421,415.64,504.11,42,3,2.6,1286.07,595.44
PROD_1422,52.43,56.12,87,6,3.3,469.83,28.77
PROD_1423,135.71,154.95,52,4,2.7,705.45,185.0
PROD_1424,789.57,949.56,4,2,2.1,1702.47,949.23
PROD_1425,772.79,853.87,4,6,4.0,803.64,978.21
PROD_1426,23.85,32.96,5,10,3.1,1094.81,32.22
PROD_1427,762.41,1005.16,41,5,1.3,1315.44,1042.61
PROD_1428,518.51,593.13,87,11,2.5,728.23,750.02
PROD_1429,696.98,875.95,61,9,4.5,623.26,1033.24
PROD_1430,374.7,488.05,75,11,,976.75,556.86
PROD_1431,422.16,582.35,55,6,2.3,469.02,601.67
PROD_1432,401.3,545.2,75,3,4.8,604.21,548.71
PROD_1433,540.15,664.56,13,11,1.3,171.05,735.02
PROD_1434,128.93,170.33,14,5,4.8,642.74,163.39
PROD_1435,43.38,54.08,60,10,2.0,675.37,206.76
PROD_1436,260.19,323.53,72,8,1.0,1925.57,370.12
PROD_1437,569.65,621.01,25,9,2.7,1199.97,677.62
PROD_1438,177.45,194.15,82,8,2.4,1585.4,229.61
PROD_1439,545.28,673.6,44,3,3.2,138.49,741.45
PROD_1440,776.53,888.43,82,9,4.2,257.75,998.16
PROD_1441,93.24,98.59,10,3,4.4,1638.35,128.81
PROD_1442,544.63,709.65,71,8,2.6,1265.92,756.95
PROD_1443,366.13,388.59,50,10,2.7,422.41,512.49
PROD_1444,697.15,877.26,44,9,1.6,839.35,1033.28
PROD_1445,158.18,195.94,14,7,1.2,1100.41,205.97
PROD_1446,560.25,778.23,15,4,3.6,1695.04,794.15
PROD_1447,673.73,821.6,16,10,,167.8,915.19
PROD_1448,756.8,811.49,2,9,3.9,1213.61,1081.7
PROD_1449,552.93,687.35,30,3,3.2,1448.22,711.72
PROD_1450,407.8,548.23,30,3,1.8,1956.89,589.54
PROD_1451,501.92,702.14,82,2,3.2,1623.96,794.44
PROD_1452,697.75,837.73,31,10,1.7,588.64,891.33
PROD_1453,465.08,540.47,77,3,2.8,1433.68,626.58
PROD_1454,43.7,59.75,20,1,4.2,1538.39,65.19
PROD_1455,746.14,833.39,49,4,2.8,1472.98,1047.54
PROD_1456,557.83,705.88,35,8,1.6,1649.28,736.97
PROD_1457,547.68,652.84,23,5,3.9,1812.27,788.95
PROD_1458,188.23,200.34,97,2,1.7,241.94,251.31
PROD_1459,533.93,625.53,99,3,4.0,254.29,706.05
PROD_1460,327.21,373.95,100,1,2.9,1602.98,492.76
PROD_1461,527.96,681.14,61,2,2.8,542.13,748.17
PROD_1462,103.14,142.55,84,1,4.4,164.16,154.27
PROD_1463,533.12,609.79,55,2,3.8,832.4,726.59
PROD_1464,799.54,1066.6,67,3,1.1,1648.76,1221.01
PROD_1465,57.61,61.6,8,1,2.2,296.8,71.09
PROD_1466,782.2,,40,11,4.5,1360.09,1176.88
PROD_1467,337.39,362.59,59,9,,57.05,426.91
PROD_1468,699.19,962.72,32,10,,263.99,914.06
PROD_1469,630.26,830.82,93,5,3.9,734.16,979.43
PROD_1470,462.27,591.84,7,8,3.5,213.02,554.47
PROD_1471,595.99,797.65,2,5,4.0,1699.51,827.96
PROD_1472,705.24,900.33,85,8,3.9,1734.94,983.36
PROD_1473,335.23,465.68,6,7,3.8,1523.36,388.24
PROD_1474,275.09,357.58,92,12,4.3,522.84,389.83
PROD_1475,540.72,742.75,36,4,3.6,1070.33,771.74
PROD_1476,650.12,800.3,32,7,2.6,409.17,811.64
PROD_1477,614.58,670.49,45,6,2.9,598.49,870.29
PROD_1478,642.29,793.15,42,3,3.9,1056.21,920.77
PROD_1479,359.75,393.72,53,9,4.5,1483.28,494.53
PROD_1480,657.91,827.24,9,12,2.1,234.58,886.07
PROD_1481,113.76,138.66,75,10,2.4,628.56,157.92
PROD_1482,444.7,563.84,87,9,4.7,1856.91,723.42
PROD_1483,24.49,25.8,75,5,3.3,886.79,33.38
PROD_1484,273.18,305.46,49,8,1.7,1880.8,363.71
PROD_1485,305.84,373.73,2,7,3.7,1983.23,401.36
PROD_1486,329.01,454.92,67,9,5.0,1076.99,486.03
PROD_1487,562.46,666.11,11,7,4.3,611.69,794.53
PROD_1488,323.08,387.22,50,4,4.0,1592.01,183.36
PROD_1489,369.98,481.03,35,4,1.8,360.66,527.55
PROD_1490,205.28,258.93,15,11,4.5,541.49,284.07
PROD_1491,311.14,359.25,75,8,3.1,1580.52,451.1
PROD_1492,197.27,,31,6,4.6,895.61,277.75
PROD_1493,77.09,86.82,92,9,2.3,443.0,118.57
PROD_1494,490.69,681.13,62,10,1.2,1319.7,652.34
PROD_1495,541.21,593.01,28,7,2.9,1478.89,712.14
PROD_1496,503.2,593.85,96,7,2.1,293.89,773.09
PROD_1497,381.53,404.05,25,4,3.9,590.11,489.4
PROD_1498,316.23,356.59,84,3,4.8,481.49,455.03
PROD_1499,693.4,917.48,92,8,3.8,790.72,1093.24
PROD_1500,424.88,476.04,25,7,4.5,1538.72,622.41
PROD_1501,393.76,424.48,75,4,2.8,1441.73,533.12
PROD_1502,40.0,48.64,83,4,4.1,1341.92,57.06
PROD_1503,286.17,301.48,92,1,,62.26,409.08
PROD_1504,316.55,341.77,1,11,3.8,327.18,485.63
PROD_1505,331.08,441.22,59,7,3.0,485.43,503.41
PROD_1506,472.53,623.75,69,1,3.5,580.31,704.47
PROD_1507,436.21,597.74,74,10,3.8,335.53,612.14
PROD_1508,494.17,666.67,42,10,2.0,850.12,603.42
PROD_1509,616.61,794.88,34,4,4.2,196.6,856.99
PROD_1510,654.13,698.82,100,11,4.8,1512.54,1025.38
PROD_1511,580.14,768.1,66,3,2.9,1586.06,846.3
PROD_1512,765.31,1030.05,18,11,3.8,1169.82,1128.53
PROD_1513,34.22,45.5,77,3,3.9,224.92,48.05
PROD_1514,172.71,212.08,5,12,3.6,1785.66,276.14
PROD_1515,25.9,29.31,20,1,3.2,1932.99,32.94
PROD_1516,525.03,706.62,66,4,4.5,444.61,772.52
PROD_1517,720.46,,75,1,2.8,1424.05,997.4
PROD_1518,209.92,292.47,62,8,1.2,1691.78,306.82
PROD_1519,743.09,,94,1,4.4,1102.69,1130.31
PROD_1520,67.01,75.65,96,12,3.7,680.48,94.1
PROD_1521,748.86,841.82,32,6,4.4,983.19,977.67
PROD_1522,294.27,390.61,58,7,1.6,1048.92,377.24
PROD_1523,99.11,110.55,50,10,1.1,831.24,127.26
PROD_1524,398.98,,38,12,4.7,1863.19,624.05
PROD_1525,220.29,308.29,55,2,1.6,1500.57,291.63
PROD_1526,242.2,256.41,28,4,4.2,520.54,317.19
PROD_1527,259.69,348.59,74,11,4.3,1191.84,375.63
PROD_1528,646.36,761.33,86,3,3.8,1392.94,3132.43
PROD_1529,440.55,592.34,81,9,1.5,323.31,643.36
PROD_1530,262.82,326.98,22,7,3.7,748.93,344.84
PROD_1531,496.06,677.41,43,2,4.6,1815.82,715.19
PROD_1532,578.6,795.09,83,11,2.7,1155.99,957.21
PROD_1533,232.65,245.02,81,12,2.7,473.15,325.21
PROD_1534,342.57,368.74,88,6,2.8,289.43,501.46
PROD_1535,115.07,130.91,36,9,1.3,1060.54,429.17
PROD_1536,161.3,207.15,96,12,4.6,1117.99,234.17
PROD_1537,551.27,750.22,52,3,4.5,702.11,788.08
PROD_1538,161.52,195.6,36,11,5.0,1279.31,225.94
PROD_1539,429.63,,28,6,3.3,183.94,611.65
PROD_1540,573.06,639.52,78,3,4.0,333.02,727.93
PROD_1541,103.36,137.65,58,3,1.8,1115.23,71.23
PROD_1542,462.5,642.22,36,4,3.7,170.54,631.0
PROD_1543,220.12,251.82,70,9,3.6,1767.77,324.87
PROD_1544,771.08,943.18,9,11,4.6,327.19,1141.53
PROD_1545,397.17,428.99,21,8,4.3,1364.14,495.1
PROD_1546,648.67,808.05,64,1,4.8,812.85,987.22
PROD_1547,449.18,550.68,76,12,4.5,829.59,748.99
PROD_1548,53.86,59.28,61,11,4.5,1541.53,82.28
PROD_1549,513.86,619.06,94,1,,1023.95,774.61
PROD_1550,762.09,889.32,95,7,4.4,1465.03,1132.87
PROD_1551,489.26,603.08,40,3,3.4,1035.12,587.45
PROD_1552,658.97,826.99,56,11,2.5,1206.17,948.99
PROD_1553,709.68,747.28,4,7,1.2,1533.39,825.33
PROD_1554,197.9,260.51,31,9,3.7,1234.25,303.74
PROD_1555,185.39,,27,3,2.3,1250.45,234.72
PROD_1556,496.57,585.05,58,3,2.9,1588.98,710.94
PROD_1557,340.6,363.94,25,2,3.7,1900.72,437.32
PROD_1558,675.09,887.22,69,10,4.6,784.6,977.83
PROD_1559,722.02,999.5,70,1,4.3,1175.38,958.6
PROD_1560,295.67,335.3,5,9,2.8,218.23,407.24
PROD_1561,204.76,238.18,91,6,2.6,749.67,264.17
PROD_1562,628.81,700.7,8,6,2.0,853.5,896.88
PROD_1563,234.35,293.39,9,8,2.5,1678.71,340.4
PROD_1564,661.64,730.58,15,11,1.4,1051.12,985.13
PROD_1565,350.52,411.74,100,5,4.9,1475.58,472.59
PROD_1566,540.69,699.63,7,9,3.3,87.06,652.96
PROD_1567,94.52,117.77,96,11,1.5,955.76,153.83
PROD_1568,506.61,600.47,72,5,2.4,1807.57,653.41
PROD_1569,372.38,445.77,15,2,3.2,487.41,447.82
PROD_1570,477.55,595.39,37,6,3.1,111.47,628.8
PROD_1571,151.05,158.91,83,9,1.1,895.15,196.52
PROD_1572,594.76,640.84,39,3,4.8,1423.64,781.99
PROD_1573,692.98,941.37,6,10,2.1,936.2,922.51
PROD_1574,189.06,203.66,83,4,1.1,946.96,768.75
PROD_1575,94.66,122.81,57,10,1.3,1356.12,53.55
PROD_1576,38.44,52.74,92,11,3.3,546.06,59.54
PROD_1577,520.74,596.11,81,8,,1516.19,714.53
PROD_1578,493.53,582.21,19,6,1.2,348.57,666.42
PROD_1579,446.42,557.64,63,7,2.5,821.71,558.14
PROD_1580,200.92,,31,7,3.5,1329.22,282.46
PROD_1581,324.91,448.26,75,4,1.4,1665.32,449.84
PROD_1582,483.69,633.08,79,12,2.3,1593.49,713.25
PROD_1583,407.48,440.21,10,6,2.7,1457.29,511.89
PROD_1584,790.47,1015.13,87,12,,750.24,1100.31
PROD_1585,126.42,150.9,67,9,3.0,288.49,186.77
PROD_1586,562.21,682.95,62,3,1.3,472.83,739.57
PROD_1587,335.37,357.91,3,8,1.2,1736.43,1490.32
PROD_1588,354.0,395.37,18,7,3.1,1721.8,532.33
PROD_1589,579.73,769.11,25,4,2.0,1905.54,786.17
PROD_1590,560.1,677.1,20,10,1.4,198.18,347.9
PROD_1591,793.18,916.58,58,3,2.7,1096.78,1059.87
PROD_1592,120.15,142.3,93,7,4.7,1314.93,196.04
PROD_1593,101.21,136.53,86,10,3.9,1435.78,152.3
PROD_1594,584.98,767.59,50,9,4.3,1305.53,838.14
PROD_1595,471.14,539.6,79,12,4.5,1551.52,720.48
PROD_1596,233.85,255.15,10,10,4.9,750.97,329.25
PROD_1597,81.95,93.27,21,3,4.1,399.89,115.77
PROD_1598,86.81,119.13,29,10,3.4,448.94,109.64
PROD_1599,717.47,899.39,96,9,2.5,73.36,1046.16
PROD_1600,169.66,209.82,10,8,1.7,733.13,224.44
PROD_1601,272.23,342.67,13,12,3.7,228.9,341.62
PROD_1602,196.79,231.84,47,3,5.0,676.9,291.15
PROD_1603,296.9,395.61,23,8,2.9,1275.01,362.98
PROD_1604,74.15,91.44,50,12,3.9,1794.23,111.88
PROD_1605,424.87,463.47,87,4,3.0,1687.23,594.25
PROD_1606,72.74,79.66,95,6,2.7,542.71,102.27
PROD_1607,644.28,797.55,4,12,2.6,311.46,499.73
PROD_1608,202.3,278.72,67,10,3.0,426.49,310.71
PROD_1609,441.21,510.89,85,2,2.5,1943.42,629.02
PROD_1610,706.46,956.79,53,8,4.0,1121.48,915.22
PROD_1611,527.68,695.19,2,9,4.5,405.88,723.19
PROD_1612,435.71,495.28,68,7,4.5,1689.46,570.5
PROD_1613,272.98,290.1,65,8,1.9,820.62,197.2
PROD_1614,279.74,303.7,79,7,4.6,1803.48,194.12
PROD_1615,542.2,707.56,57,11,2.4,558.32,730.28
PROD_1616,795.43,890.79,97,10,2.2,816.78,1147.82
PROD_1617,536.23,632.73,70,4,3.9,1034.65,2376.92
PROD_1618,455.07,557.73,7,1,2.2,1790.6,555.79
PROD_1619,589.91,769.19,19,3,1.2,1744.08,837.01
PROD_1620,382.86,417.18,44,7,2.5,1169.99,489.43
PROD_1621,66.91,79.77,63,11,3.9,482.46,107.57
PROD_1622,458.59,559.38,65,11,2.3,836.55,695.47
PROD_1623,766.95,950.47,39,7,3.5,1952.48,954.68
PROD_1624,156.74,209.47,83,11,3.6,1235.16,795.96
PROD_1625,558.2,619.66,26,3,3.9,1573.14,718.31
PROD_1626,176.73,235.53,44,1,4.6,927.24,233.21
PROD_1627,437.95,566.05,12,10,2.7,1087.41,549.75
PROD_1628,95.41,118.74,22,9,,886.46,133.83
PROD_1629,371.29,480.76,77,12,2.3,1420.7,560.37
PROD_1630,609.81,728.24,92,6,2.7,1710.37,799.48
PROD_1631,291.11,319.76,14,12,3.9,1039.36,387.11
PROD_1632,538.63,691.07,86,7,1.1,987.69,793.37
PROD_1633,640.45,790.08,30,1,2.3,713.56,399.8
PROD_1634,743.2,946.67,44,1,,395.34,930.87
PROD_1635,203.02,237.19,84,4,3.7,1881.53,287.37
PROD_1636,331.47,453.25,91,7,3.9,666.36,510.38
PROD_1637,138.88,174.38,38,11,,1611.35,199.27
PROD_1638,794.14,857.58,59,11,4.1,1444.93,1147.52
PROD_1639,743.06,897.19,42,8,3.7,1592.29,1090.6
PROD_1640,441.17,580.01,52,10,2.8,1876.7,588.36
PROD_1641,676.79,898.74,63,9,4.9,1265.57,993.73
PROD_1642,426.35,521.47,61,1,3.3,1801.0,267.32
PROD_1643,506.4,690.3,34,4,1.8,377.01,747.91
PROD_1644,89.52,102.38,39,4,2.2,1272.09,109.06
PROD_1645,609.11,727.1,41,3,3.8,1555.94,828.85
PROD_1646,119.62,163.22,37,7,4.7,579.7,152.25
PROD_1647,664.33,905.94,65,1,1.7,1494.47,375.45
PROD_1648,629.98,812.68,79,9,,1568.03,1004.56
PROD_1649,572.82,773.68,32,8,4.5,1670.82,726.95
PROD_1650,48.21,52.11,8,2,4.7,660.12,66.88
PROD_1651,256.44,346.9,97,2,2.1,1379.13,396.65
PROD_1652,225.23,261.76,18,8,2.5,643.29,289.74
PROD_1653,300.91,334.73,45,11,3.6,1491.13,408.9
PROD_1654,88.36,100.18,93,1,2.3,952.8,114.53
PROD_1655,750.83,898.21,96,7,4.5,1215.21,1089.23
PROD_1656,451.97,514.3,33,9,1.4,860.89,652.26
PROD_1657,258.31,300.21,5,12,1.2,365.87,385.88
PROD_1658,329.65,361.7,82,3,1.8,397.16,422.06
PROD_1659,368.82,425.49,74,7,2.1,201.26,471.85
PROD_1660,488.46,610.73,36,6,1.5,1255.24,636.8
PROD_1661,422.23,508.64,97,7,1.3,1704.84,646.74
PROD_1662,737.13,863.43,23,7,4.0,90.63,1012.85
PROD_1663,407.63,534.51,40,10,1.7,179.17,538.93
PROD_1664,793.88,1081.85,5,1,4.7,942.06,1038.73
PROD_1665,684.11,899.52,34,3,2.5,1488.56,848.24
PROD_1666,182.64,212.99,24,10,3.7,357.53,676.04
PROD_1667,745.86,977.5,17,1,1.9,579.72,1082.81
PROD_1668,110.77,122.2,95,5,2.0,502.41,144.22
PROD_1669,657.61,720.49,71,3,3.3,828.15,943.28
PROD_1670,316.89,371.06,81,1,3.2,488.75,428.9
PROD_1671,704.82,939.31,92,2,4.1,737.57,1039.96
PROD_1672,697.08,792.04,22,10,4.0,1470.66,967.85
PROD_1673,648.62,695.41,15,5,3.7,1241.47,872.27
PROD_1674,636.22,697.36,15,11,2.8,208.3,975.75
PROD_1675,257.65,347.97,25,3,4.6,1293.6,336.34
PROD_1676,83.12,105.71,53,6,3.5,980.3,112.37
PROD_1677,334.32,380.67,21,9,5.0,1872.4,412.29
PROD_1678,155.35,193.31,66,6,4.3,614.14,233.95
PROD_1679,562.06,693.95,91,2,1.2,1466.02,771.92
PROD_1680,289.96,370.97,32,2,2.3,1475.18,414.21
PROD_1681,780.98,883.76,21,8,3.3,481.93,983.28
PROD_1682,519.96,703.26,68,11,3.9,1811.29,705.14
PROD_1683,661.53,766.24,44,8,3.2,1007.81,844.54
PROD_1684,123.37,159.51,83,6,4.1,1373.82,197.12
PROD_1685,692.37,730.9,66,10,2.1,334.42,924.64
PROD_1686,739.75,873.22,90,7,1.7,552.72,972.48
PROD_1687,399.91,469.13,98,1,1.2,1192.91,533.98
PROD_1688,492.88,611.28,14,12,3.3,672.1,659.08
PROD_1689,616.55,663.08,15,9,3.8,1024.4,731.7
PROD_1690,156.37,207.44,20,5,2.3,779.31,203.79
PROD_1691,412.0,464.01,34,9,3.5,1299.08,507.31
PROD_1692,330.96,425.93,36,2,1.2,999.93,1212.83
PROD_1693,134.17,178.6,83,8,1.4,58.99,173.74
PROD_1694,306.68,382.32,9,7,3.8,1316.88,397.13
PROD_1695,73.17,95.81,71,11,2.5,873.14,313.59
PROD_1696,40.13,,30,4,3.7,716.31,48.87
PROD_1697,125.43,147.31,77,3,4.3,233.59,172.24
PROD_1698,771.23,1028.13,91,4,4.4,479.72,1083.86
PROD_1699,448.63,517.34,63,4,1.7,486.36,577.82
PROD_1700,773.34,,35,10,2.9,1873.97,1077.49
PROD_1701,357.35,,13,10,3.9,893.4,488.27
PROD_1702,263.22,311.29,79,8,4.1,132.03,377.4
PROD_1703,414.79,479.48,46,4,4.1,320.69,531.02
PROD_1704,362.82,439.29,56,5,1.9,204.11,469.04
PROD_1705,102.42,136.86,9,2,1.8,1198.3,127.23
PROD_1706,519.84,715.03,87,4,3.4,413.91,757.18
PROD_1707,188.51,233.9,36,7,4.0,1022.19,250.99
PROD_1708,503.28,644.96,3,3,2.3,771.62,627.57
PROD_1709,527.16,720.17,98,1,1.4,1617.56,809.98
PROD_1710,138.58,150.29,19,8,3.9,674.95,167.67
PROD_1711,67.85,76.76,28,8,2.2,943.62,102.0
PROD_1712,628.99,816.51,23,6,1.7,1456.51,768.77
PROD_1713,378.64,506.74,7,7,1.6,895.03,512.3
PROD_1714,65.37,88.24,76,10,2.3,1596.77,26.88
PROD_1715,796.0,951.44,14,11,3.4,1340.28,1220.89
PROD_1716,65.07,70.36,46,2,2.4,850.53,79.94
PROD_1717,562.13,676.37,15,5,1.1,1032.76,714.61
PROD_1718,787.27,890.21,67,12,1.4,1936.05,1141.11
PROD_1719,206.56,237.94,15,7,2.2,1340.14,307.32
PROD_1720,130.95,172.9,51,9,3.6,1814.74,207.47
PROD_1721,114.68,123.45,88,1,1.4,398.58,150.96
PROD_1722,256.55,343.69,8,3,3.2,992.31,352.5
PROD_1723,98.82,118.55,69,6,1.5,1821.89,138.8
PROD_1724,559.89,704.68,62,7,1.8,679.09,723.3
PROD_1725,68.59,74.17,51,6,1.7,1936.95,90.51
PROD_1726,417.35,487.5,63,1,1.3,239.3,640.39
PROD_1727,797.42,862.33,68,4,3.7,1810.21,1122.99
PROD_1728,654.9,908.04,78,6,2.9,918.16,871.67
PROD_1729,499.87,666.1,16,8,4.3,193.8,310.81
PROD_1730,258.88,313.47,84,10,1.4,1765.07,350.36
PROD_1731,506.64,571.62,24,4,1.6,541.28,675.16
PROD_1732,431.09,593.49,6,7,2.2,93.39,527.12
PROD_1733,352.35,412.46,57,11,4.1,314.82,508.57
PROD_1734,121.95,134.92,31,3,2.2,1335.27,152.17
PROD_1735,711.55,887.38,6,8,2.6,1956.73,904.41
PROD_1736,370.83,,99,1,2.2,267.35,480.46
PROD_1737,171.81,180.63,79,4,1.3,950.8,252.68
PROD_1738,306.85,347.77,29,8,4.8,402.24,389.22
PROD_1739,343.02,472.84,67,10,3.2,1502.82,511.94
PROD_1740,665.48,738.6,75,4,4.2,280.21,918.96
PROD_1741,592.22,645.3,3,2,3.6,517.69,762.14
PROD_1742,620.06,774.8,28,2,3.1,432.99,809.44
PROD_1743,28.6,38.66,74,4,1.4,1127.41,41.56
PROD_1744,344.6,419.37,97,4,3.6,1752.71,544.69
PROD_1745,395.45,552.88,48,2,1.6,1046.63,506.42
PROD_1746,34.97,45.03,80,7,2.7,163.57,46.34
PROD_1747,222.65,239.56,10,6,3.5,1148.61,309.2
PROD_1748,613.03,856.7,33,11,4.1,1605.17,844.84
PROD_1749,126.95,151.42,100,3,3.7,307.7,190.7
PROD_1750,437.54,503.43,67,8,3.7,191.79,550.97
PROD_1751,187.86,233.93,69,8,1.6,416.23,270.25
PROD_1752,29.45,34.06,12,1,2.4,1504.87,38.47
PROD_1753,208.14,224.84,57,3,1.2,1203.78,262.29
PROD_1754,781.18,820.63,44,5,3.9,1104.16,1155.89
PROD_1755,645.2,778.98,13,2,4.8,536.49,817.54
PROD_1756,768.47,1031.98,24,12,2.1,697.86,1043.75
PROD_1757,400.53,500.78,44,12,1.4,1933.48,576.83
PROD_1758,105.59,147.8,57,5,,519.22,144.56
PROD_1759,447.41,514.7,96,11,4.4,1808.21,663.47
PROD_1760,374.41,429.89,16,10,3.2,1182.04,554.68
PROD_1761,678.6,750.47,96,3,1.2,290.43,988.65
PROD_1762,96.5,106.87,100,9,,961.26,129.22
PROD_1763,400.83,460.88,21,11,,1899.67,625.51
PROD_1764,137.04,181.92,76,1,1.5,866.2,108.84
PROD_1765,273.25,373.53,51,4,4.7,1733.6,394.09
PROD_1766,595.14,828.0,21,10,,550.04,738.28
PROD_1767,391.29,442.67,60,6,2.5,1163.3,574.02
PROD_1768,313.19,425.46,51,9,2.8,1695.51,454.51
PROD_1769,327.69,381.72,21,3,4.3,1845.34,455.28
PROD_1770,378.37,412.23,6,3,3.6,997.36,484.63
PROD_1771,632.31,856.47,73,12,1.2,1297.39,915.27
PROD_1772,715.83,910.99,65,5,4.8,55.81,974.44
PROD_1773,765.16,847.54,76,7,1.6,543.79,966.69
PROD_1774,633.78,760.82,58,5,4.0,593.49,852.94
PROD_1775,266.02,306.06,78,11,3.5,232.31,425.44
PROD_1776,556.75,728.15,6,8,1.8,595.41,763.01
PROD_1777,361.33,436.74,65,5,1.7,676.19,465.07
PROD_1778,218.64,305.28,86,7,4.5,1939.09,138.26
PROD_1779,675.88,722.62,34,6,2.7,1353.77,1008.53
PROD_1780,49.97,58.68,56,10,3.6,880.71,76.64
PROD_1781,723.37,881.55,75,2,3.0,1976.71,1047.59
PROD_1782,379.95,465.86,3,3,3.9,348.8,431.1
PROD_1783,517.02,600.04,42,11,2.9,978.3,784.39
PROD_1784,534.3,697.38,62,11,2.1,1311.77,849.47
PROD_1785,718.19,973.98,6,4,2.5,158.38,787.65
PROD_1786,516.6,712.16,6,5,4.4,1448.15,706.47
PROD_1787,498.87,664.38,63,9,2.9,244.74,696.03
PROD_1788,71.99,97.02,20,6,1.9,323.55,91.09
PROD_1789,424.36,527.35,21,1,4.7,361.39,601.82
PROD_1790,137.13,183.63,2,3,4.2,1861.34,180.07
PROD_1791,595.2,688.18,90,7,1.2,1382.31,870.79
PROD_1792,419.53,499.02,95,8,5.0,1328.08,627.16
PROD_1793,550.58,639.18,90,7,,1133.21,745.29
PROD_1794,52.5,63.72,56,5,1.6,620.97,73.28
PROD_1795,86.14,99.05,96,10,1.9,1260.73,129.16
PROD_1796,578.73,802.45,10,8,3.8,849.79,856.4
PROD_1797,76.23,,87,9,4.1,333.56,103.86
PROD_1798,75.58,81.95,70,7,2.0,1394.71,96.5
PROD_1799,29.44,36.35,23,11,2.0,302.69,46.08
PROD_1800,766.07,819.68,92,9,2.2,421.8,1121.16
PROD_1801,595.26,648.05,30,1,3.4,1644.51,908.04
PROD_1802,295.54,333.01,78,9,1.7,1337.23,388.63
PROD_1803,251.3,304.7,37,3,1.4,1280.43,330.04
PROD_1804,292.77,351.8,55,6,3.7,865.5,363.51
PROD_1805,624.23,830.16,96,8,4.1,822.75,978.73
PROD_1806,535.87,701.35,49,3,3.0,1396.01,818.12
PROD_1807,164.45,197.21,34,4,2.5,1493.01,221.64
PROD_1808,155.81,181.79,44,7,2.7,1044.92,202.33
PROD_1809,96.75,112.3,22,12,2.6,1940.08,131.89
PROD_1810,535.04,706.73,31,7,4.8,1913.61,751.78
PROD_1811,616.21,658.25,7,4,4.1,854.24,809.67
PROD_1812,226.74,239.09,21,9,1.8,1650.21,312.96
PROD_1813,36.34,48.27,16,3,2.5,1109.37,46.87
PROD_1814,84.09,102.34,20,12,3.2,1047.92,117.31
PROD_1815,774.93,849.18,43,8,3.5,157.18,3184.7
PROD_1816,250.45,283.62,44,8,2.9,1169.25,351.2
PROD_1817,619.99,853.35,47,4,4.2,1806.13,844.73
PROD_1818,507.24,685.19,19,7,4.1,1571.26,757.91
PROD_1819,317.91,412.79,48,4,3.0,1583.32,454.1
PROD_1820,180.44,219.91,96,12,4.4,361.86,277.65
PROD_1821,114.68,141.3,79,1,4.0,748.98,157.5
PROD_1822,499.71,695.26,69,1,4.1,504.75,780.28
PROD_1823,624.21,866.42,11,1,4.8,666.03,720.92
PROD_1824,522.25,587.71,79,2,2.1,1180.1,700.43
PROD_1825,433.64,578.42,29,6,2.1,761.33,277.61
PROD_1826,52.72,59.0,45,12,4.6,1143.36,81.2
PROD_1827,775.42,872.15,68,10,4.1,905.08,1100.75
PROD_1828,643.0,827.3,36,11,4.7,608.9,906.73
PROD_1829,248.4,296.03,48,5,1.3,236.04,355.82
PROD_1830,784.38,1079.33,87,11,3.5,1789.08,1161.62
PROD_1831,489.47,529.19,15,2,1.6,72.18,597.79
PROD_1832,474.29,582.92,44,8,3.0,53.22,589.51
PROD_1833,603.5,827.69,67,9,1.6,1662.26,793.62
PROD_1834,653.18,892.53,96,7,1.5,1993.78,1041.75
PROD_1835,532.05,587.8,74,12,1.0,1467.85,831.9
PROD_1836,119.91,141.3,40,12,3.5,79.78,181.29
PROD_1837,283.85,359.55,86,9,2.4,492.05,426.21
PROD_1838,743.91,822.6,14,4,1.4,1945.05,909.24
PROD_1839,195.2,271.1,63,7,2.3,1626.78,245.36
PROD_1840,310.29,425.15,81,5,1.7,1155.26,454.29
PROD_1841,357.02,395.73,85,5,4.8,511.88,515.1
PROD_1842,362.74,396.25,51,3,2.3,78.02,490.72
PROD_1843,498.09,,79,9,2.3,90.68,656.72
PROD_1844,755.6,1033.89,58,10,4.4,1243.36,1046.92
PROD_1845,207.74,232.21,15,5,3.6,92.57,260.89
PROD_1846,114.77,137.23,65,6,3.8,1987.58,157.38
PROD_1847,174.03,210.07,88,3,3.5,407.6,236.94
PROD_1848,711.8,896.62,55,10,4.8,1435.88,985.85
PROD_1849,523.73,563.07,76,7,1.8,352.37,2310.11
PROD_1850,243.01,274.44,10,9,5.0,1103.18,319.02
PROD_1851,656.44,903.27,42,9,4.3,207.19,1005.56
PROD_1852,691.87,946.44,95,10,3.4,1545.22,1108.92
PROD_1853,680.28,900.32,11,10,3.6,1190.6,2303.59
PROD_1854,736.76,778.6,16,5,3.6,218.03,1079.74
PROD_1855,216.75,252.39,73,7,1.2,1704.74,331.32
PROD_1856,608.93,773.21,78,12,1.9,1116.69,888.98
PROD_1857,379.22,434.71,19,12,4.8,1847.11,545.08
PROD_1858,676.76,926.05,31,3,3.1,1837.42,1034.99
PROD_1859,588.22,748.14,73,6,2.5,1844.99,876.66
PROD_1860,625.63,672.66,100,12,4.0,201.68,921.32
PROD_1861,531.81,727.59,53,8,3.1,285.87,756.15
PROD_1862,158.39,219.41,90,8,1.1,1976.03,212.54
PROD_1863,445.12,479.48,8,2,3.9,1000.82,576.79
PROD_1864,788.04,974.28,24,6,3.9,514.52,1006.59
PROD_1865,751.16,868.48,8,7,1.7,1550.85,930.66
PROD_1866,53.68,63.74,83,12,4.8,565.36,74.58
PROD_1867,148.56,165.32,48,7,1.9,1468.07,220.58
PROD_1868,122.75,,30,3,2.8,1682.71,161.11
PROD_1869,586.26,812.15,58,9,1.5,1579.31,738.23
PROD_1870,657.87,806.6,86,2,3.4,584.39,856.72
PROD_1871,186.54,201.28,55,11,2.5,833.16,274.54
PROD_1872,414.57,525.25,73,3,2.4,855.84,645.95
PROD_1873,675.75,790.0,62,11,4.3,1007.98,972.95
PROD_1874,591.59,798.39,48,2,1.0,376.38,726.84
PROD_1875,442.95,532.48,4,11,4.2,932.32,630.56
PROD_1876,480.47,536.92,37,9,3.3,1046.03,219.0
PROD_1877,416.52,465.21,8,4,4.9,1086.83,530.85
PROD_1878,252.09,332.52,1,2,3.4,1648.81,319.34
PROD_1879,460.72,526.58,92,3,1.2,1058.8,641.81
PROD_1880,557.33,734.86,70,4,1.2,500.03,748.69
PROD_1881,701.19,786.78,47,10,4.5,1343.1,1075.19
PROD_1882,516.31,600.25,100,6,4.4,1604.76,705.49
PROD_1883,613.67,744.34,75,5,2.4,672.77,813.53
PROD_1884,144.86,199.92,5,3,3.5,1308.35,200.15
PROD_1885,380.01,522.94,50,10,3.0,336.53,550.55
PROD_1886,27.28,30.62,24,8,4.9,716.76,34.26
PROD_1887,212.41,249.66,47,8,4.8,1822.99,329.72
PROD_1888,586.64,646.65,18,7,4.9,1827.05,851.39
PROD_1889,793.61,974.95,84,3,4.5,1171.88,1118.95
PROD_1890,97.36,117.92,28,1,4.6,1419.59,134.29
PROD_1891,333.17,454.86,77,5,1.9,1715.33,461.12
PROD_1892,644.06,885.9,5,1,4.3,1919.18,766.4
PROD_1893,179.15,212.16,30,6,3.8,1005.28,231.31
PROD_1894,452.97,553.57,1,11,,1145.07,657.95
PROD_1895,591.8,807.02,86,7,3.3,860.5,916.72
PROD_1896,500.47,666.8,82,12,1.3,190.36,726.93
PROD_1897,166.66,175.21,46,5,3.4,874.47,216.53
PROD_1898,297.2,345.35,69,4,3.7,1591.72,413.62
PROD_1899,631.36,756.13,31,2,1.9,1619.53,877.25
PROD_1900,452.3,511.28,70,5,2.6,1790.14,703.22
PROD_1901,24.08,26.96,91,9,3.4,150.36,33.18
PROD_1902,613.57,652.37,56,4,2.5,1077.95,872.54
PROD_1903,47.54,60.63,89,2,2.5,259.48,64.29
PROD_1904,601.67,687.04,93,6,1.5,441.45,2296.45
PROD_1905,177.93,190.09,28,8,,1805.42,227.37
PROD_1906,767.3,867.69,16,2,4.0,1018.74,994.92
PROD_1907,306.99,408.51,54,9,1.0,1529.16,408.99
PROD_1908,275.01,370.71,53,7,4.1,175.55,409.61
PROD_1909,136.13,165.96,12,2,4.0,862.81,182.54
PROD_1910,258.37,308.92,20,11,1.0,1364.77,407.41
PROD_1911,703.79,979.85,82,5,2.5,310.14,919.23
PROD_1912,797.14,892.96,34,5,3.4,685.34,1058.49
PROD_1913,307.28,345.81,53,7,2.8,175.87,416.01
PROD_1914,369.92,426.2,64,5,,1320.11,546.94
PROD_1915,583.22,647.64,23,11,2.7,1943.24,917.58
PROD_1916,711.23,841.23,27,6,1.6,1662.74,1023.59
PROD_1917,482.57,660.54,17,9,4.9,1950.52,683.28
PROD_1918,325.39,411.74,48,3,2.0,1698.93,462.82
PROD_1919,341.85,408.22,21,3,3.9,1717.63,518.51
PROD_1920,562.58,774.7,50,8,1.6,1175.5,756.0
PROD_1921,22.51,24.02,40,10,2.3,1060.59,32.29
PROD_1922,503.28,565.48,95,12,2.8,842.2,839.15
PROD_1923,297.28,371.03,3,6,1.8,1645.29,399.4
PROD_1924,639.47,809.22,17,12,2.8,405.03,960.54
PROD_1925,92.53,98.44,61,10,,159.64,121.48
PROD_1926,478.8,570.28,50,3,3.2,1898.39,608.92
PROD_1927,395.16,504.7,90,2,3.7,57.37,568.62
PROD_1928,521.01,674.36,87,2,1.2,1954.82,703.76
PROD_1929,70.59,89.88,6,2,4.5,1471.26,93.15
PROD_1930,472.39,549.01,28,5,1.7,690.57,670.27
PROD_1931,457.96,495.85,72,12,1.9,1410.75,641.05
PROD_1932,457.31,548.54,55,5,3.6,1644.86,558.57
PROD_1933,490.72,537.37,58,1,2.9,528.46,703.37
PROD_1934,547.64,756.66,45,2,3.0,1553.25,739.72
PROD_1935,647.89,788.04,72,2,1.5,1618.52,905.43
PROD_1936,230.46,267.57,19,4,4.2,536.24,303.69
PROD_1937,663.54,874.68,29,7,3.5,131.76,797.43
PROD_1938,408.64,500.29,23,3,1.5,448.04,474.69
PROD_1939,80.11,92.8,32,5,2.5,441.26,118.79
PROD_1940,65.67,87.62,10,11,4.2,177.22,86.96
PROD_1941,280.71,379.94,91,9,3.3,1465.71,404.61
PROD_1942,632.22,812.75,49,5,1.4,790.95,954.48
PROD_1943,571.99,609.99,65,9,2.5,1774.55,867.66
PROD_1944,635.12,792.76,29,1,2.0,541.73,765.22
PROD_1945,423.47,557.77,59,9,3.1,933.8,575.99
PROD_1946,363.36,398.88,45,5,4.4,1296.08,537.39
PROD_1947,135.01,152.57,67,8,,1761.06,202.93
PROD_1948,275.99,375.04,51,5,2.7,1073.01,403.05
PROD_1949,358.54,378.99,95,12,4.6,778.37,563.0
PROD_1950,89.11,117.04,11,6,3.3,1740.68,111.69
PROD_1951,192.08,233.53,86,8,3.3,654.98,264.73
PROD_1952,486.62,587.04,82,2,2.0,204.88,691.91
PROD_1953,593.82,624.98,99,3,3.4,917.83,877.99
PROD_1954,798.71,1067.71,6,11,3.3,1580.93,1030.75
PROD_1955,747.83,879.4,67,9,2.6,110.02,934.86
PROD_1956,521.2,645.91,62,5,,1192.47,804.56
PROD_1957,348.57,448.63,5,5,4.5,1209.2,440.11
PROD_1958,516.22,668.98,9,9,4.0,1860.66,642.84
PROD_1959,632.81,876.18,28,10,3.1,608.61,896.93
PROD_1960,112.3,138.8,83,3,,593.73,154.5
PROD_1961,339.73,404.24,92,4,1.7,908.94,443.85
PROD_1962,675.05,934.13,91,7,2.2,745.98,964.87
PROD_1963,319.39,407.14,77,2,4.1,1485.87,461.22
PROD_1964,466.06,538.0,38,8,2.8,1301.42,631.2
PROD_1965,478.46,523.56,43,5,4.5,1529.9,719.94
PROD_1966,163.89,220.42,21,1,1.6,1649.08,202.56
PROD_1967,302.54,356.02,91,3,3.0,1849.81,455.94
PROD_1968,280.92,359.9,62,9,3.6,890.33,362.65
PROD_1969,40.43,49.12,46,5,3.1,1970.16,54.77
PROD_1970,38.87,,70,8,4.6,470.54,58.73
PROD_1971,668.72,842.99,38,1,5.0,1443.01,880.05
PROD_1972,233.0,249.59,49,7,1.5,1091.32,327.79
PROD_1973,424.1,506.66,75,7,1.5,1642.96,552.04
PROD_1974,253.01,314.06,81,8,1.5,979.7,323.69
PROD_1975,753.73,906.45,39,3,3.7,1578.68,1044.22
PROD_1976,222.25,291.6,71,1,2.5,1863.83,327.47
PROD_1977,355.13,475.8,30,11,3.9,1477.97,478.03
PROD_1978,700.73,924.92,21,9,2.6,1563.38,1016.02
PROD_1979,676.71,719.74,1,1,3.5,180.99,828.75
PROD_1980,165.16,184.64,89,11,4.1,449.67,229.93
PROD_1981,646.06,799.7,32,6,3.2,1949.89,841.17
PROD_1982,377.39,519.73,8,9,3.2,1401.71,470.26
PROD_1983,396.72,532.49,69,2,1.4,1144.83,502.68
PROD_1984,124.11,166.92,30,4,2.6,765.6,183.77
PROD_1985,82.87,95.81,8,2,3.2,136.56,107.41
PROD_1986,587.79,705.53,19,4,2.8,769.82,756.45
PROD_1987,407.24,,59,2,4.6,1022.88,627.29
PROD_1988,360.74,398.65,55,12,4.6,462.35,531.5
PROD_1989,589.02,624.87,30,1,4.3,387.62,731.77
PROD_1990,617.1,852.47,79,11,2.5,1041.41,903.72
PROD_1991,143.95,163.27,36,3,3.9,1192.51,182.4
PROD_1992,495.98,562.43,55,8,2.6,517.84,681.38
PROD_1993,125.58,135.52,44,5,1.9,1195.41,166.06
PROD_1994,606.07,833.34,27,4,2.4,1805.66,826.3
PROD_1995,532.43,667.08,77,5,1.3,972.69,765.8
PROD_1996,766.16,983.34,78,6,2.3,1721.91,1157.52
PROD_1997,73.79,101.02,54,6,2.8,1858.18,106.29
PROD_1998,64.5,75.53,48,5,4.8,230.17,84.23
PROD_1999,240.11,304.34,30,12,2.3,236.83,319.97
PROD_2000,224.13,238.38,39,11,4.6,978.29,333.79
PROD_2001,212.64,237.18,13,12,1.9,1196.8,288.88
PROD_2002,726.88,974.7,16,6,1.8,880.47,875.13
PROD_2003,214.65,282.98,44,9,3.1,686.58,294.58
PROD_2004,232.12,272.21,71,5,3.7,1299.94,325.16
PROD_2005,612.33,723.7,27,6,1.2,54.06,854.03
PROD_2006,370.8,458.58,45,4,1.9,1937.74,501.62
PROD_2007,625.83,657.18,35,3,2.8,502.55,947.98
PROD_2008,70.99,80.53,79,12,2.3,1838.34,114.32
PROD_2009,400.31,,28,6,3.9,262.58,1660.61
PROD_2010,46.22,52.58,99,11,3.0,514.27,69.6
PROD_2011,68.87,91.74,7,11,1.6,508.0,95.4
PROD_2012,727.02,834.54,62,5,4.6,1992.5,3444.75
PROD_2013,128.61,143.66,51,4,2.2,58.97,174.43
PROD_2014,435.29,533.88,46,5,3.9,1297.29,594.91
PROD_2015,340.65,460.9,20,7,4.1,1745.89,448.87
PROD_2016,290.93,330.05,96,1,4.9,1360.93,411.7
PROD_2017,721.87,777.81,38,1,3.0,757.33,1075.33
PROD_2018,37.02,43.49,61,11,3.5,1918.7,54.23
PROD_2019,537.76,705.36,32,1,2.3,1792.37,649.09
PROD_2020,771.45,958.71,26,2,3.7,896.21,968.73
PROD_2021,456.93,610.4,58,9,2.9,1167.99,684.54
PROD_2022,750.72,1040.39,39,5,2.8,1936.66,1091.45
PROD_2023,60.76,80.66,20,9,4.4,1965.99,90.24
PROD_2024,346.66,437.25,82,5,1.2,927.16,521.2
PROD_2025,222.92,272.56,50,7,4.5,1702.33,327.92
PROD_2026,590.04,627.82,79,6,4.4,638.86,880.48
PROD_2027,785.41,1095.27,52,2,3.0,775.04,1018.76
PROD_2028,220.09,260.64,86,3,3.0,371.4,286.42
PROD_2029,530.26,585.02,22,5,2.4,457.91,720.53
PROD_2030,174.52,223.96,53,4,5.0,1330.9,242.3
PROD_2031,460.96,529.87,85,11,1.4,1046.02,701.76
PROD_2032,381.87,479.25,66,6,3.4,500.71,525.47
PROD_2033,778.16,976.88,43,8,3.7,835.67,1103.56
PROD_2034,494.65,596.55,82,8,4.7,777.71,653.41
PROD_2035,292.61,392.88,23,3,4.1,1975.35,363.24
PROD_2036,108.99,124.55,77,4,3.6,1714.45,165.2
PROD_2037,137.97,166.54,64,1,1.5,806.53,181.55
PROD_2038,195.75,242.37,9,2,2.5,1832.14,269.53
PROD_2039,215.75,276.65,7,9,1.6,718.14,269.74
PROD_2040,683.48,905.19,41,12,4.5,1352.41,1124.86
PROD_2041,457.75,543.9,54,10,4.0,1934.97,706.33
PROD_2042,428.24,546.49,65,10,4.0,811.04,595.91
PROD_2043,109.52,120.77,2,2,3.6,1375.78,145.97
PROD_2044,690.91,950.99,4,12,3.0,627.05,880.44
PROD_2045,583.8,691.25,78,6,1.6,569.31,794.17
PROD_2046,72.78,95.0,32,7,2.3,1169.61,101.47
PROD_2047,572.11,604.79,100,6,1.5,1959.57,852.3
PROD_2048,443.96,498.04,2,8,3.9,933.61,594.27
PROD_2049,83.75,102.21,64,9,1.6,1878.39,108.24
PROD_2050,377.47,512.38,14,8,3.8,1833.01,543.53
PROD_2051,398.06,491.42,20,5,3.8,544.84,508.56
PROD_2052,149.3,205.36,89,8,2.8,833.55,223.46
PROD_2053,757.64,923.82,49,10,1.5,1304.44,1085.04
PROD_2054,682.98,834.37,8,10,2.3,1060.19,860.94
PROD_2055,541.84,591.64,92,9,2.3,237.12,681.55
PROD_2056,380.59,506.54,63,8,3.8,1987.71,525.1
PROD_2057,341.18,387.73,46,2,1.5,1517.68,513.69
PROD_2058,527.76,720.32,21,2,4.3,903.5,750.55
PROD_2059,445.44,609.71,87,12,4.0,1255.43,698.07
PROD_2060,68.57,94.64,32,3,1.7,220.77,90.28
PROD_2061,419.75,517.17,8,7,3.9,1015.84,572.44
PROD_2062,648.99,835.25,95,9,3.7,1865.12,967.93
PROD_2063,378.21,500.17,16,8,4.0,1798.37,536.84
PROD_2064,60.53,66.33,40,9,1.8,707.89,74.29
PROD_2065,633.3,798.17,27,6,1.6,1086.17,898.64
PROD_2066,177.06,188.04,18,1,1.9,1409.9,244.61
PROD_2067,221.72,271.42,35,12,2.5,713.02,306.99
PROD_2068,148.47,163.94,52,4,4.2,176.51,220.08
PROD_2069,277.57,309.22,15,6,4.0,1035.61,1179.68
PROD_2070,610.27,718.75,63,12,4.7,1223.19,861.5
PROD_2071,425.12,510.72,53,6,1.2,61.39,507.66
PROD_2072,179.81,228.02,91,8,1.0,236.37,261.85
PROD_2073,704.71,758.3,81,1,3.8,454.22,1047.94
PROD_2074,706.07,865.85,66,11,2.1,728.7,1125.88
PROD_2075,699.05,778.69,31,2,2.3,1105.05,972.86
PROD_2076,206.26,258.01,61,2,3.2,622.99,262.58
PROD_2077,371.97,473.55,64,6,1.4,588.56,164.48
PROD_2078,788.29,981.3,98,11,3.6,1745.23,1191.5
PROD_2079,622.17,814.05,34,7,2.3,332.85,890.82
PROD_2080,41.19,48.09,55,2,3.5,1016.15,62.53
PROD_2081,70.86,93.38,59,5,4.3,1908.01,93.12
PROD_2082,381.87,458.8,3,6,1.7,1268.78,527.57
PROD_2083,729.19,889.22,17,4,4.7,1448.55,1043.81
PROD_2084,440.19,562.05,78,1,3.1,890.91,563.7
PROD_2085,408.29,,78,3,4.7,88.87,577.14
PROD_2086,102.27,130.79,46,10,1.8,1309.95,149.62
PROD_2087,532.29,674.15,38,9,3.4,1282.25,683.55
PROD_2088,661.24,766.01,35,6,2.6,265.33,953.88
PROD_2089,316.73,342.07,1,2,4.1,951.21,389.13
PROD_2090,624.98,676.12,29,9,3.4,1834.89,772.13
PROD_2091,772.29,1060.46,4,4,3.0,449.92,918.36
PROD_2092,178.94,231.05,61,11,4.7,949.14,291.07
PROD_2093,428.2,468.66,97,8,2.5,949.15,604.35
PROD_2094,243.97,286.63,17,10,,1630.98,346.0
PROD_2095,638.43,802.74,28,7,3.4,1657.92,854.72
PROD_2096,470.52,631.65,50,12,3.5,1530.58,689.76
PROD_2097,514.97,548.59,90,11,2.8,762.64,499.84
PROD_2098,642.37,727.69,8,3,,190.47,832.58
PROD_2099,328.86,447.71,34,8,4.8,731.49,478.33
PROD_2100,733.77,772.81,59,4,3.9,1375.59,947.24
PROD_2101,435.76,488.27,18,2,1.4,1420.36,583.68
PROD_2102,143.2,198.43,95,11,1.8,1931.75,229.65
PROD_2103,562.8,711.77,59,5,4.9,934.6,864.12
PROD_2104,638.74,729.18,27,1,3.9,1283.25,832.28
PROD_2105,267.07,286.69,16,8,4.7,1101.42,369.48
PROD_2106,688.6,729.82,10,8,2.2,343.71,876.66
PROD_2107,726.79,825.39,76,3,4.0,949.34,1015.62
PROD_2108,235.99,320.59,22,1,3.9,1112.43,285.82
PROD_2109,787.15,941.09,16,4,2.2,1903.96,956.4
PROD_2110,129.75,168.96,12,9,3.2,764.75,183.68
PROD_2111,177.57,243.52,75,9,3.5,1961.19,266.08
PROD_2112,163.7,195.26,84,1,2.9,1107.49,231.08
PROD_2113,717.31,801.2,51,11,4.3,522.82,3583.48
PROD_2114,530.35,652.85,1,7,4.3,423.75,622.73
PROD_2115,138.64,189.64,27,6,4.4,326.31,193.44
PROD_2116,363.45,483.95,67,7,4.2,933.22,565.59
PROD_2117,499.93,536.45,12,7,3.0,92.76,704.69
PROD_2118,85.1,109.99,30,8,2.5,917.84,112.59
PROD_2119,708.28,885.47,9,8,4.3,1977.39,1011.6
PROD_2120,646.81,884.59,53,10,3.0,1356.71,898.6
PROD_2121,414.06,452.51,61,11,2.0,1531.58,662.16
PROD_2122,774.36,957.81,54,2,,282.06,1055.94
PROD_2123,345.85,469.6,37,12,1.6,972.55,532.2
PROD_2124,787.61,940.01,65,12,3.8,608.14,1085.59
PROD_2125,540.98,659.29,42,12,2.3,1793.49,824.38
PROD_2126,515.04,553.5,49,4,2.0,403.52,697.51
PROD_2127,149.44,171.47,4,4,4.8,944.53,104.6
PROD_2128,707.9,823.7,64,11,4.1,1196.69,1128.77
PROD_2129,353.44,488.03,79,10,4.1,1052.38,548.83
PROD_2130,146.54,168.37,51,12,3.5,1668.97,235.19
PROD_2131,29.83,36.14,91,8,4.4,501.33,41.47
PROD_2132,456.61,586.72,72,3,4.0,785.91,686.74
PROD_2133,431.37,477.43,60,12,3.4,1594.56,606.4
PROD_2134,581.1,709.08,87,12,4.8,1079.74,945.84
PROD_2135,714.4,934.79,79,3,1.8,834.13,1066.7
PROD_2136,81.94,110.89,91,2,4.8,107.41,108.6
PROD_2137,590.57,749.54,31,1,2.6,1519.1,873.63
PROD_2138,166.18,213.4,72,8,3.1,1945.76,253.89
PROD_2139,689.38,,94,9,1.5,1259.56,1022.54
PROD_2140,658.87,909.91,58,9,3.2,1720.26,898.76
PROD_2141,441.82,484.41,82,11,3.4,1057.91,677.05
PROD_2142,573.99,758.32,4,8,5.0,501.78,847.05
PROD_2143,265.19,303.03,22,5,,78.16,337.95
PROD_2144,387.51,533.51,3,1,4.9,1324.13,1465.48
PROD_2145,660.88,860.45,79,9,2.4,1011.56,837.06
PROD_2146,378.23,496.93,99,6,5.0,1575.09,534.75
PROD_2147,299.08,336.97,47,12,2.8,1404.63,457.33
PROD_2148,405.49,488.64,38,7,4.4,1976.51,541.16
PROD_2149,666.03,843.36,33,8,,1045.11,986.19
PROD_2150,281.46,371.39,78,5,3.0,882.99,397.37
PROD_2151,155.53,168.97,48,6,4.9,609.14,220.25
PROD_2152,575.37,797.94,65,12,4.8,979.88,794.16
PROD_2153,664.26,904.45,26,7,3.7,1752.1,1028.43
PROD_2154,98.5,112.74,8,7,4.2,132.76,119.01
PROD_2155,207.1,277.1,50,2,1.7,1956.91,281.6
PROD_2156,130.74,160.99,80,11,3.9,1986.95,198.12
PROD_2157,291.39,353.06,38,12,3.5,1215.75,426.54
PROD_2158,371.27,430.7,10,1,1.4,696.51,487.15
PROD_2159,604.08,757.12,42,8,1.5,484.95,474.9
PROD_2160,527.9,689.15,37,5,1.4,589.16,658.38
PROD_2161,504.32,602.08,26,10,3.9,147.71,668.35
PROD_2162,294.85,374.53,92,2,1.6,976.47,443.5
PROD_2163,676.33,875.68,12,3,2.9,161.78,2906.26
PROD_2164,387.6,503.46,84,6,2.4,1451.02,516.19
PROD_2165,783.7,837.14,49,10,3.2,775.26,1017.26
PROD_2166,514.63,695.22,14,6,3.8,438.76,643.6
PROD_2167,118.49,143.41,46,8,3.7,1112.46,153.4
PROD_2168,547.42,625.07,35,5,3.1,1948.83,738.32
PROD_2169,273.58,310.41,29,5,2.9,1405.51,371.5
PROD_2170,555.34,676.98,12,7,2.6,1008.91,651.53
PROD_2171,74.32,101.1,82,10,4.4,1564.98,109.75
PROD_2172,156.41,184.94,44,5,2.3,1488.08,234.48
PROD_2173,687.48,902.25,66,9,2.0,1788.88,1061.11
PROD_2174,197.2,213.74,2,6,4.0,449.1,111.75
PROD_2175,672.89,818.65,59,7,2.4,1724.81,908.84
PROD_2176,237.84,332.28,17,12,4.4,637.0,307.42
PROD_2177,521.45,688.13,10,8,2.3,1884.95,752.42
PROD_2178,561.44,630.88,18,5,3.8,598.08,669.26
PROD_2179,419.87,514.55,22,11,1.2,1857.35,561.92
PROD_2180,258.14,292.16,83,4,2.5,1929.39,375.51
PROD_2181,185.86,221.8,58,12,2.4,333.71,259.29
PROD_2182,45.89,60.71,53,8,4.3,1950.27,67.71
PROD_2183,257.08,339.32,1,12,4.9,217.16,376.83
PROD_2184,529.47,598.21,88,10,2.8,476.21,788.7
PROD_2185,751.88,1032.16,61,9,4.3,916.13,1112.79
PROD_2186,699.54,879.6,100,1,3.8,1987.51,987.99
PROD_2187,617.53,730.52,89,3,4.9,1002.7,923.37
PROD_2188,634.99,778.29,100,12,4.2,1123.3,984.98
PROD_2189,538.69,679.7,31,4,1.3,1404.13,772.42
PROD_2190,223.02,277.88,31,7,3.9,1938.17,284.37
PROD_2191,727.61,887.86,66,6,3.1,1577.54,1068.98
PROD_2192,543.17,666.32,19,10,1.1,487.1,793.85
PROD_2193,457.14,508.23,53,10,2.0,640.83,559.08
PROD_2194,106.57,142.22,76,11,4.7,240.38,146.85
PROD_2195,368.7,457.05,74,1,4.7,1306.68,489.95
PROD_2196,379.08,415.42,95,4,4.2,402.44,527.73
PROD_2197,694.36,915.27,22,6,4.9,551.94,880.8
PROD_2198,446.39,614.39,23,3,4.2,1781.82,646.4
PROD_2199,316.71,437.56,87,2,1.0,687.17,442.87
PROD_2200,781.9,921.99,15,2,2.2,1154.96,1005.89
PROD_2201,106.36,116.73,26,10,1.1,825.25,145.44
PROD_2202,349.59,430.5,3,12,1.4,194.36,461.96
PROD_2203,52.78,57.5,87,12,1.9,757.58,78.31
PROD_2204,597.13,822.18,20,4,3.0,845.73,841.0
PROD_2205,736.1,820.2,40,1,4.4,1796.62,1115.58
PROD_2206,238.43,271.44,39,10,4.4,682.68,287.61
PROD_2207,689.51,822.11,72,2,3.5,789.52,912.35
PROD_2208,247.93,293.58,18,10,4.7,1576.65,321.1
PROD_2209,730.4,970.07,41,2,3.0,1529.97,977.89
PROD_2210,608.09,735.61,70,4,4.6,1606.66,839.77
PROD_2211,647.83,718.94,27,4,2.8,1909.85,921.37
PROD_2212,34.05,38.93,100,1,2.1,1601.34,52.46
PROD_2213,770.99,,15,7,4.7,844.84,2427.34
PROD_2214,586.8,646.43,37,7,2.6,1651.94,817.25
PROD_2215,257.71,325.76,58,10,3.0,1041.92,342.61
PROD_2216,666.93,832.33,5,11,2.3,591.54,947.7
PROD_2217,239.59,311.5,73,10,3.7,640.69,346.46
PROD_2218,700.75,965.77,7,10,5.0,486.49,1010.2
PROD_2219,107.81,147.63,41,1,1.1,332.74,128.12
PROD_2220,568.88,785.69,84,11,4.6,409.76,800.23
PROD_2221,441.74,501.67,10,8,1.0,173.2,593.28
PROD_2222,95.3,104.45,62,10,2.5,1782.48,130.35
PROD_2223,208.68,241.19,26,7,1.7,1865.47,255.73
PROD_2224,29.68,40.46,68,7,4.0,1194.2,15.89
PROD_2225,385.64,536.12,24,11,1.2,1688.95,548.79
PROD_2226,254.99,344.43,78,6,3.2,407.96,347.16
PROD_2227,486.72,529.8,41,12,2.2,1808.26,790.27
PROD_2228,251.85,347.95,65,4,1.5,1037.41,343.06
PROD_2229,253.94,304.26,17,11,4.1,180.97,350.91
PROD_2230,599.69,631.63,24,8,1.9,325.56,813.48
PROD_2231,57.55,69.34,27,2,1.9,652.5,70.34
PROD_2232,724.26,772.15,7,7,2.1,134.94,930.96
PROD_2233,684.77,849.35,73,3,3.3,653.12,971.64
PROD_2234,540.89,632.02,99,3,3.6,166.86,748.99
PROD_2235,482.71,,12,7,1.1,510.25,666.16
PROD_2236,716.0,905.46,85,12,2.0,568.06,996.48
PROD_2237,164.56,222.82,3,3,2.7,1989.02,239.14
PROD_2238,81.6,104.58,79,5,2.3,509.32,124.25
PROD_2239,206.82,248.58,85,8,4.5,516.41,284.79
PROD_2240,639.77,855.25,10,4,4.2,1389.24,797.79
PROD_2241,47.04,64.31,33,7,3.5,1725.75,61.96
PROD_2242,474.59,518.21,46,7,2.4,804.76,626.12
PROD_2243,796.44,984.54,59,2,3.8,1757.46,1147.28
PROD_2244,687.44,790.27,52,8,4.4,713.28,834.09
PROD_2245,426.73,455.09,6,10,3.4,434.18,610.92
PROD_2246,69.64,89.42,2,12,4.1,692.8,89.04
PROD_2247,668.47,903.75,29,10,4.0,1238.24,852.56
PROD_2248,487.2,539.34,40,9,3.3,765.93,608.41
PROD_2249,109.65,146.31,97,6,2.2,1362.14,151.51
PROD_2250,93.21,125.71,61,5,4.0,512.02,136.09
PROD_2251,729.51,999.44,68,1,1.8,1416.94,1044.85
PROD_2252,541.98,619.4,68,1,4.1,727.5,735.14
PROD_2253,666.84,911.16,29,9,4.2,938.94,963.94
PROD_2254,705.6,820.07,62,4,4.3,1137.6,1063.97
PROD_2255,465.98,579.36,60,1,2.9,1388.14,678.29
PROD_2256,423.61,452.28,84,11,1.8,515.49,696.28
PROD_2257,355.73,378.98,41,10,1.4,1680.09,504.2
PROD_2258,267.22,,87,12,4.0,1457.59,411.65
PROD_2259,358.98,432.78,82,3,4.5,506.49,1313.45
PROD_2260,623.63,710.75,89,6,3.6,1951.2,846.91
PROD_2261,489.5,546.6,65,11,1.6,1346.35,723.43
PROD_2262,716.17,919.91,64,11,4.7,932.23,1168.54
PROD_2263,365.84,384.18,79,8,5.0,357.18,526.82
PROD_2264,493.53,657.41,63,10,2.7,1089.78,754.57
PROD_2265,512.42,,98,2,3.4,371.31,698.75
PROD_2266,481.52,537.87,48,8,4.1,887.51,689.88
PROD_2267,568.05,673.25,20,1,3.9,846.99,804.28
PROD_2268,205.2,250.28,37,11,4.9,1453.88,322.22
PROD_2269,419.64,492.77,64,2,1.5,425.15,607.73
PROD_2270,101.3,117.73,91,8,3.3,1652.65,144.12
PROD_2271,319.92,443.85,86,7,3.8,685.96,421.92
PROD_2272,400.38,510.31,5,5,4.6,915.78,566.14
PROD_2273,528.73,559.51,34,10,4.5,1556.06,2004.33
PROD_2274,761.41,914.12,39,2,4.9,1269.52,1033.5
PROD_2275,488.51,662.54,67,9,3.0,650.65,691.71
PROD_2276,600.0,693.31,81,5,4.3,803.1,836.69
PROD_2277,414.89,449.36,62,8,2.7,646.28,623.81
PROD_2278,514.6,676.92,88,4,2.7,1209.8,776.87
PROD_2279,75.33,95.07,24,9,2.0,698.62,107.84
PROD_2280,218.43,272.95,3,10,4.3,1465.11,287.68
PROD_2281,302.25,323.03,71,7,4.9,1180.58,442.63
PROD_2282,388.54,427.08,89,2,,334.13,306.35
PROD_2283,55.61,70.5,67,3,1.2,655.02,84.89
PROD_2284,129.22,145.08,79,2,4.3,481.82,200.6
PROD_2285,235.92,289.33,93,5,3.5,811.11,357.18
PROD_2286,777.8,965.02,50,2,4.8,1056.17,1004.96
PROD_2287,278.45,320.0,29,5,2.0,1038.19,333.93
PROD_2288,395.99,547.24,74,9,1.3,1521.32,251.65
PROD_2289,172.96,232.6,32,2,3.0,418.89,247.92
PROD_2290,496.41,646.74,87,9,1.3,1895.62,755.74
PROD_2291,238.93,257.4,39,7,2.0,718.55,302.43
PROD_2292,181.45,197.27,9,7,1.5,635.49,248.47
PROD_2293,422.93,517.02,14,5,1.9,1386.1,536.77
PROD_2294,24.29,26.88,68,8,1.4,1620.76,34.23
PROD_2295,25.98,36.17,64,7,4.8,788.02,35.54
PROD_2296,190.87,211.01,20,6,2.1,1506.35,277.61
PROD_2297,48.64,59.37,28,2,2.8,1773.29,63.37
PROD_2298,104.26,122.76,14,6,4.6,1545.27,145.34
PROD_2299,284.31,362.15,44,2,3.7,116.68,372.97
PROD_2300,646.02,707.49,98,1,3.5,1663.37,960.32
PROD_2301,466.2,559.72,77,9,3.8,1560.24,676.74
PROD_2302,419.88,481.25,95,5,4.3,1355.12,669.69
PROD_2303,248.92,338.71,97,10,4.5,1532.04,334.98
PROD_2304,746.77,794.71,39,10,3.6,1959.88,958.81
PROD_2305,329.67,451.59,28,4,4.6,890.67,480.28
PROD_2306,87.93,117.97,64,12,3.1,181.09,126.53
PROD_2307,501.31,578.59,89,11,2.1,948.74,734.03
PROD_2308,108.79,144.29,32,8,4.5,140.55,146.26
PROD_2309,289.27,306.9,9,5,3.2,623.79,393.4
PROD_2310,415.78,577.27,28,7,4.6,1194.42,507.16
PROD_2311,701.89,866.35,95,3,1.2,653.76,394.06
PROD_2312,404.97,468.2,17,8,2.6,1386.52,576.2
PROD_2313,567.76,668.2,87,8,4.8,1652.87,835.6
PROD_2314,794.4,852.58,77,3,2.0,869.86,992.04
PROD_2315,122.56,171.13,55,9,4.8,1805.27,167.6
PROD_2316,234.29,249.23,10,8,4.8,205.69,317.1
PROD_2317,327.77,419.29,80,1,4.5,1688.22,441.8
PROD_2318,349.03,420.56,6,8,3.3,1665.72,499.26
PROD_2319,340.6,470.75,48,12,3.6,677.89,1541.57
PROD_2320,727.94,827.01,75,11,4.5,632.49,1126.46
PROD_2321,576.95,713.24,67,4,4.1,644.94,886.8
PROD_2322,494.17,602.3,92,6,3.5,1632.22,701.98
PROD_2323,261.31,338.66,41,10,4.9,1671.72,348.13
PROD_2324,662.56,711.46,79,9,3.7,692.96,973.21
PROD_2325,764.95,855.08,60,5,4.9,1205.55,1103.26
PROD_2326,660.53,743.17,77,7,1.2,320.92,882.71
PROD_2327,21.22,27.76,42,1,1.6,964.12,13.02
PROD_2328,516.39,576.4,81,9,2.8,1997.65,738.89
PROD_2329,59.89,74.9,71,6,2.5,359.74,79.48
PROD_2330,220.93,248.62,28,11,4.1,1897.75,356.63
PROD_2331,66.43,89.78,13,4,1.6,1657.3,92.41
PROD_2332,490.96,677.41,81,6,4.9,1945.82,692.17
PROD_2333,555.54,684.13,15,5,2.3,400.18,704.16
PROD_2334,109.3,128.24,36,3,2.7,466.36,142.3
PROD_2335,319.39,361.53,92,7,2.1,82.89,433.83
PROD_2336,375.86,401.21,15,3,3.3,1463.17,471.58
PROD_2337,307.86,352.19,75,2,1.2,1305.98,407.48
PROD_2338,114.4,146.31,56,4,1.6,397.23,152.07
PROD_2339,346.78,428.88,95,7,4.0,1592.73,516.88
PROD_2340,605.92,836.42,4,5,1.7,633.43,834.97
PROD_2341,75.39,89.61,99,9,1.9,313.24,106.92
PROD_2342,82.54,106.71,98,10,4.2,874.0,128.82
PROD_2343,296.72,362.38,52,7,1.4,227.39,432.12
PROD_2344,754.55,927.64,91,12,2.7,563.33,1287.69
PROD_2345,541.49,619.31,10,9,1.1,774.1,751.03
PROD_2346,549.36,664.31,94,9,2.4,1711.14,820.04
PROD_2347,302.3,367.22,45,12,3.8,1595.47,465.07
PROD_2348,483.06,626.68,84,2,1.4,913.37,609.69
PROD_2349,27.9,38.48,29,1,4.6,1462.92,108.53
PROD_2350,516.15,601.46,53,11,4.6,1158.87,789.56
PROD_2351,732.36,779.8,29,4,1.4,714.64,992.85
PROD_2352,497.81,609.17,23,4,5.0,1465.45,703.88
PROD_2353,701.48,870.24,57,2,2.2,1382.82,964.08
PROD_2354,584.7,648.4,50,3,1.3,1257.23,345.58
PROD_2355,114.04,150.09,21,3,1.0,1255.01,147.13
PROD_2356,723.91,1009.66,43,5,2.6,1381.81,1032.48
PROD_2357,71.83,99.19,10,1,3.5,799.86,102.39
PROD_2358,436.49,488.43,76,9,2.3,1744.7,659.21
PROD_2359,130.87,177.5,30,8,4.3,366.5,185.77
PROD_2360,29.13,37.77,51,8,3.9,1773.58,36.37
PROD_2361,349.19,422.11,33,3,2.4,717.45,508.36
PROD_2362,250.13,309.97,18,2,3.9,293.81,313.63
PROD_2363,399.08,537.7,78,1,4.8,1220.05,599.98
PROD_2364,470.22,572.75,22,12,1.4,783.17,624.57
PROD_2365,54.12,63.89,64,6,2.2,1640.22,76.62
PROD_2366,115.94,141.76,21,10,2.9,890.03,164.89
PROD_2367,455.74,570.9,1,1,3.0,1353.7,610.7
PROD_2368,287.67,321.09,15,11,3.2,651.1,407.25
PROD_2369,588.76,803.84,36,5,2.2,458.43,809.48
PROD_2370,528.79,680.0,47,9,3.7,806.7,739.19
PROD_2371,679.57,864.17,54,11,3.6,1233.28,939.18
PROD_2372,560.14,607.66,86,9,3.3,1331.05,841.04
PROD_2373,355.35,448.26,32,12,1.5,1177.5,480.91
PROD_2374,544.91,595.23,58,4,2.9,1976.71,804.55
PROD_2375,234.8,253.0,46,7,2.4,1397.63,288.68
PROD_2376,258.92,319.66,54,11,3.0,1866.46,403.74
PROD_2377,635.41,756.76,33,7,4.7,279.97,852.19
PROD_2378,368.21,462.5,39,4,2.9,169.68,477.64
PROD_2379,642.74,694.94,23,5,1.1,656.44,853.1
PROD_2380,661.49,794.35,43,11,2.8,316.35,1014.51
PROD_2381,688.9,765.49,55,9,4.3,1075.44,1058.68
PROD_2382,734.98,1025.65,2,7,4.1,1062.01,1023.75
PROD_2383,356.17,443.93,66,7,3.1,1171.34,537.21
PROD_2384,268.72,346.81,38,10,2.0,1503.19,985.03
PROD_2385,474.12,551.82,29,7,2.9,1944.09,639.23
PROD_2386,309.51,335.25,67,9,3.3,1762.6,401.53
PROD_2387,488.84,680.24,71,5,5.0,280.82,663.14
PROD_2388,570.36,656.02,36,6,3.6,710.1,817.75
PROD_2389,556.96,667.42,29,3,3.8,548.85,741.6
PROD_2390,312.15,398.76,37,1,3.0,394.79,424.17
PROD_2391,150.15,158.96,100,11,2.4,1112.21,224.66
PROD_2392,355.81,474.51,87,12,4.3,1128.87,530.7
PROD_2393,131.22,162.43,45,2,3.0,493.13,157.5
PROD_2394,714.28,819.54,16,8,5.0,1438.2,990.88
PROD_2395,289.78,310.52,31,1,,1479.18,397.14
PROD_2396,140.48,155.49,34,10,1.3,90.91,187.14
PROD_2397,39.85,54.32,50,7,3.7,821.73,55.77
PROD_2398,523.74,675.68,65,5,1.2,1785.77,787.12
PROD_2399,516.78,587.82,82,6,2.0,1064.62,777.88
PROD_2400,285.67,306.51,62,8,2.4,727.87,413.16
PROD_2401,75.94,98.09,43,4,4.0,544.67,103.66
PROD_2402,339.51,424.5,56,6,3.0,524.54,458.33
PROD_2403,262.75,313.09,15,11,1.1,244.55,409.09
PROD_2404,548.15,645.32,48,3,3.5,1643.59,690.53
PROD_2405,492.51,554.51,49,7,2.6,218.98,620.28
PROD_2406,304.38,390.94,81,2,4.7,619.97,422.05
PROD_2407,189.96,263.99,44,12,3.0,139.07,119.88
PROD_2408,790.67,878.83,10,8,3.8,1573.7,937.07
PROD_2409,374.12,471.02,20,7,1.9,126.6,526.19
PROD_2410,556.85,667.37,70,12,4.0,651.19,859.78
PROD_2411,129.63,156.38,8,12,3.9,1167.93,185.02
PROD_2412,398.76,454.17,45,8,4.6,848.64,527.9
PROD_2413,41.48,55.53,34,2,1.1,600.43,55.56
PROD_2414,414.25,505.32,96,3,2.8,586.62,555.71
PROD_2415,771.93,957.35,51,12,3.7,1605.69,1066.72
PROD_2416,319.68,369.76,4,4,1.4,1949.26,401.64
PROD_2417,50.42,56.15,39,12,2.6,728.68,78.25
PROD_2418,44.15,47.68,84,9,4.8,126.33,203.45
PROD_2419,322.63,419.4,24,12,2.7,121.3,449.36
PROD_2420,144.82,162.01,88,12,4.9,1530.47,750.2
PROD_2421,38.21,49.36,55,5,1.2,1127.12,52.54
PROD_2422,609.85,723.66,26,6,3.9,1578.01,818.17
PROD_2423,377.65,451.49,25,1,3.3,1410.12,461.01
PROD_2424,245.61,298.22,36,4,3.0,1819.64,367.32
PROD_2425,722.06,851.1,71,4,4.9,1777.36,1037.96
PROD_2426,110.59,120.01,74,10,1.5,1587.24,164.31
PROD_2427,765.62,886.87,58,8,4.6,976.62,1039.09
PROD_2428,264.89,339.68,12,8,3.8,650.85,371.65
PROD_2429,712.95,914.74,1,10,2.0,1038.7,937.17
PROD_2430,490.3,563.93,50,6,4.6,1029.04,615.06
PROD_2431,664.83,805.14,25,8,2.7,1240.04,977.69
PROD_2432,787.53,880.23,80,9,4.3,412.89,1087.54
PROD_2433,244.96,275.24,5,5,2.6,1328.46,302.23
PROD_2434,769.69,814.38,83,1,4.4,940.37,996.79
PROD_2435,323.8,441.61,68,1,3.5,1259.4,478.85
PROD_2436,320.7,360.38,6,2,1.6,517.23,432.24
PROD_2437,285.5,322.51,26,2,3.6,897.07,405.28
PROD_2438,442.3,507.7,55,5,,459.89,662.57
PROD_2439,140.23,153.5,39,7,2.6,1756.85,184.64
PROD_2440,451.89,575.6,9,7,1.7,1001.52,609.03
PROD_2441,442.53,476.29,45,4,1.1,488.71,612.75
PROD_2442,614.28,673.85,14,4,1.8,130.36,904.45
PROD_2443,670.25,855.01,55,11,3.1,1367.69,970.65
PROD_2444,363.54,424.94,9,10,2.9,468.56,509.44
PROD_2445,255.82,332.0,15,3,3.0,1979.69,314.71
PROD_2446,222.28,276.76,37,11,2.0,1090.72,339.79
PROD_2447,171.81,195.79,50,2,3.7,613.51,240.65
PROD_2448,64.97,83.01,84,3,3.8,1332.47,99.07
PROD_2449,287.11,313.15,72,8,2.4,586.68,371.43
PROD_2450,230.79,285.66,96,1,4.5,1649.53,306.71
PROD_2451,773.81,930.89,21,4,3.6,651.06,2449.55
PROD_2452,455.01,520.42,57,7,3.9,1977.08,660.98
PROD_2453,290.88,366.91,19,5,2.1,1230.03,388.3
PROD_2454,472.76,640.58,93,2,1.0,1696.6,737.75
PROD_2455,128.57,179.95,58,1,4.5,191.99,170.93
PROD_2456,366.35,,95,6,4.3,729.18,481.03
PROD_2457,508.46,605.91,6,5,1.5,1488.1,610.98
PROD_2458,401.34,453.04,4,3,2.5,1327.37,465.73
PROD_2459,333.39,380.06,43,11,3.6,428.77,514.61
PROD_2460,795.2,968.4,93,11,3.6,744.6,1324.69
PROD_2461,706.65,832.82,42,11,4.4,563.71,1136.77
PROD_2462,506.26,693.49,3,9,1.6,1246.07,667.08
PROD_2463,464.11,547.15,1,3,2.7,721.91,536.88
PROD_2464,504.12,595.21,55,2,1.4,652.66,637.34
PROD_2465,177.02,209.64,15,5,2.6,454.39,236.94
PROD_2466,328.21,440.72,47,9,,847.6,497.43
PROD_2467,50.78,64.88,85,8,4.6,431.23,65.7
PROD_2468,390.93,494.51,46,6,3.1,1927.01,517.42
PROD_2469,443.56,517.61,58,3,4.4,351.28,648.02
PROD_2470,197.64,264.11,95,6,1.2,1830.94,292.11
PROD_2471,771.94,820.9,71,5,1.9,885.52,1013.13
PROD_2472,729.37,988.14,81,1,2.0,786.84,1092.0
PROD_2473,583.27,717.11,83,5,2.5,501.07,771.84
PROD_2474,436.04,518.62,39,7,4.2,1289.72,648.39
PROD_2475,698.58,855.06,3,9,2.5,1386.78,877.22
PROD_2476,121.91,156.48,30,12,1.8,961.76,162.68
PROD_2477,636.6,671.27,35,1,1.3,158.63,830.26
PROD_2478,117.36,159.03,57,3,1.3,1841.09,152.83
PROD_2479,639.48,771.45,29,8,4.0,1961.64,905.33
PROD_2480,235.1,275.07,50,6,2.8,890.53,335.32
PROD_2481,704.13,773.41,62,5,3.9,1246.64,1007.56
PROD_2482,756.35,910.51,52,10,,928.08,1087.96
PROD_2483,136.06,166.5,14,2,1.5,677.67,176.72
PROD_2484,380.89,453.74,35,3,1.6,200.77,452.1
PROD_2485,785.17,1010.93,28,12,4.0,939.33,1241.37
PROD_2486,397.06,475.4,58,2,3.9,1645.85,612.69
PROD_2487,693.57,961.63,30,1,2.5,83.21,831.17
PROD_2488,479.21,603.68,90,7,1.3,1185.11,671.73
PROD_2489,312.76,416.79,7,3,1.0,1767.51,420.34
PROD_2490,242.91,264.35,39,7,2.2,474.22,299.09
PROD_2491,178.51,212.26,95,12,1.0,407.35,269.16
PROD_2492,614.2,717.33,69,7,1.9,1555.94,2658.62
PROD_2493,321.5,401.66,35,8,2.7,547.42,404.94
PROD_2494,418.79,565.96,52,1,1.5,424.37,518.55
PROD_2495,404.01,435.29,14,5,,787.08,528.01
PROD_2496,470.28,505.74,63,10,4.6,815.38,623.95
PROD_2497,695.15,936.79,36,9,3.3,1754.5,919.89
PROD_2498,784.98,882.7,91,12,4.7,1255.96,499.97
PROD_2499,337.92,433.91,24,11,2.4,841.62,495.92
PROD_2500,665.46,825.18,40,7,3.7,1092.06,865.23
PROD_2501,616.33,826.82,29,1,1.8,1910.23,908.29
PROD_2502,467.35,511.18,53,8,3.5,270.77,676.07
PROD_2503,765.72,838.78,22,3,1.5,455.05,956.81
PROD_2504,176.37,219.56,72,4,1.0,1926.93,248.19
PROD_2505,105.23,145.34,15,4,4.7,1916.78,398.92
PROD_2506,686.09,820.05,69,10,3.2,395.47,893.05
PROD_2507,362.54,422.15,64,12,4.7,332.96,547.25
PROD_2508,680.64,859.19,4,8,2.3,871.12,433.78
PROD_2509,716.61,985.81,75,1,2.3,146.95,1017.65
PROD_2510,68.72,92.28,18,8,2.6,1327.06,92.48
PROD_2511,709.1,991.62,42,9,,201.12,963.39
PROD_2512,369.69,391.09,30,9,3.3,163.16,456.12
PROD_2513,418.14,455.56,15,5,4.7,996.11,549.96
PROD_2514,508.74,642.7,70,4,1.1,1917.68,698.34
PROD_2515,742.58,992.98,55,4,3.8,882.25,1098.28
PROD_2516,34.91,40.14,53,9,2.3,745.14,48.21
PROD_2517,391.94,444.35,16,8,1.7,1996.02,518.31
PROD_2518,556.42,737.51,73,10,3.0,1087.34,870.75
PROD_2519,583.71,624.42,34,10,3.0,781.72,731.17
PROD_2520,560.18,660.61,27,12,1.5,802.43,734.6
PROD_2521,124.86,153.21,13,7,1.8,430.17,156.74
PROD_2522,253.53,315.93,100,12,2.6,1048.83,372.73
PROD_2523,299.8,391.24,27,3,2.6,905.77,409.46
PROD_2524,647.46,760.25,73,4,2.3,578.05,800.92
PROD_2525,237.43,300.22,69,9,1.6,363.05,304.71
PROD_2526,184.35,231.34,86,8,1.0,656.92,252.62
PROD_2527,766.81,952.12,31,12,4.9,1041.93,1166.74
PROD_2528,26.91,34.29,3,12,4.8,163.75,41.56
PROD_2529,798.3,910.71,30,1,2.9,349.8,1153.99
PROD_2530,547.92,591.55,21,3,5.0,1897.93,679.74
PROD_2531,666.21,727.33,99,12,3.7,1108.57,1043.01
PROD_2532,249.8,281.93,6,10,1.3,173.73,280.81
PROD_2533,31.17,38.18,92,2,1.5,1401.52,43.86
PROD_2534,595.54,800.5,32,2,4.7,170.52,857.76
PROD_2535,670.63,868.77,42,8,3.5,1490.8,937.74
PROD_2536,597.57,792.48,62,6,4.4,1512.43,786.88
PROD_2537,131.42,154.14,89,12,4.6,1319.6,206.38
PROD_2538,607.67,724.12,32,12,2.8,1477.8,839.39
PROD_2539,619.76,736.14,99,12,1.2,221.53,918.5
PROD_2540,533.66,596.18,86,6,1.8,1467.22,775.44
PROD_2541,617.57,661.68,88,4,1.3,316.54,832.08
PROD_2542,679.82,854.41,39,1,1.8,712.04,1030.17
PROD_2543,498.61,696.17,64,11,,1888.35,752.48
PROD_2544,89.11,98.77,30,7,1.5,1030.61,127.41
PROD_2545,400.35,426.91,63,8,1.7,1936.48,596.45
PROD_2546,80.57,106.58,96,2,2.8,223.4,117.7
PROD_2547,337.88,384.65,31,2,2.4,981.24,456.68
PROD_2548,337.54,452.43,87,1,2.9,171.68,425.89
PROD_2549,71.49,92.68,40,4,2.7,1278.91,100.78
PROD_2550,292.08,403.36,33,6,3.6,203.48,373.68
PROD_2551,106.58,127.16,63,5,4.7,391.97,135.01
PROD_2552,650.42,833.64,25,4,1.4,554.72,844.57
PROD_2553,759.2,920.68,36,4,1.4,1510.05,1093.98
PROD_2554,76.41,97.09,24,10,4.4,369.73,115.74
PROD_2555,764.99,923.62,95,7,3.0,1700.93,1064.07
PROD_2556,427.61,477.22,58,7,4.1,307.21,1657.39
PROD_2557,253.66,311.44,39,2,1.9,118.73,366.37
PROD_2558,79.95,98.74,46,7,4.3,820.34,107.15
PROD_2559,410.49,547.47,77,2,4.7,1959.91,545.83
PROD_2560,639.72,836.39,10,4,3.5,265.17,784.99
PROD_2561,571.53,732.89,87,1,1.4,248.35,2667.11
PROD_2562,59.18,64.48,82,5,4.6,1514.77,217.9
PROD_2563,76.86,100.09,32,1,4.2,658.72,101.75
PROD_2564,334.24,409.48,97,4,4.0,1448.7,490.72
PROD_2565,250.33,341.18,36,9,1.1,440.02,344.63
PROD_2566,201.26,276.12,28,12,,947.14,314.49
PROD_2567,239.18,255.76,16,8,1.6,567.32,300.62
PROD_2568,646.72,864.81,16,6,1.9,930.48,939.62
PROD_2569,744.8,791.86,18,8,3.3,1549.74,2489.6
PROD_2570,335.98,395.96,8,5,2.1,1535.92,404.97
PROD_2571,726.77,901.05,80,7,3.6,1055.76,1144.16
PROD_2572,270.77,298.34,75,8,3.4,1860.33,383.41
PROD_2573,391.62,513.5,70,7,1.4,564.38,498.5
PROD_2574,196.3,206.69,1,4,3.6,518.61,254.37
PROD_2575,519.57,576.21,62,5,4.7,1246.92,801.95
PROD_2576,783.61,982.08,76,10,1.6,1261.53,1197.33
PROD_2577,490.72,637.96,38,6,3.4,140.75,717.54
PROD_2578,299.09,410.01,92,12,2.4,1235.17,465.22
PROD_2579,525.3,681.27,45,11,2.8,780.15,379.85
PROD_2580,115.88,148.92,58,6,2.1,1507.51,164.95
PROD_2581,713.15,847.24,81,9,2.4,1625.81,1073.26
PROD_2582,412.41,433.21,1,10,1.1,1126.7,562.37
PROD_2583,370.49,404.6,32,2,4.9,53.32,1341.48
PROD_2584,476.97,590.06,8,6,,1290.91,581.73
PROD_2585,507.33,652.58,40,3,3.0,1510.32,680.34
PROD_2586,75.99,90.89,56,2,2.5,535.52,105.14
PROD_2587,552.44,721.34,63,6,3.2,956.06,714.18
PROD_2588,208.71,257.26,88,4,2.5,1933.17,284.86
PROD_2589,576.88,620.7,74,5,2.4,631.33,766.0
PROD_2590,661.58,739.12,74,5,2.9,485.15,858.19
PROD_2591,647.09,869.69,36,3,2.1,461.17,908.15
PROD_2592,450.95,587.91,89,12,1.7,1139.66,644.92
PROD_2593,425.73,580.34,57,4,3.2,1902.08,245.58
PROD_2594,131.44,143.42,74,3,4.4,1236.95,595.68
PROD_2595,624.77,872.54,83,7,1.6,641.48,939.6
PROD_2596,231.7,260.27,45,1,1.1,1295.21,286.04
PROD_2597,407.42,429.47,79,6,2.0,1268.44,537.94
PROD_2598,241.73,338.21,80,4,4.9,1214.0,383.09
PROD_2599,124.39,142.84,2,1,4.3,360.88,155.05
PROD_2600,511.06,656.1,93,1,3.4,1287.41,811.87
PROD_2601,62.38,,68,5,4.7,888.82,82.4
PROD_2602,603.94,756.79,50,5,2.8,86.25,757.09
PROD_2603,267.72,365.81,29,10,4.9,1102.54,348.73
PROD_2604,20.11,23.36,95,7,2.2,1979.07,27.45
PROD_2605,418.68,537.83,81,12,2.0,731.99,674.35
PROD_2606,56.54,63.09,10,4,3.6,1932.84,83.4
PROD_2607,235.41,298.66,27,9,2.5,237.6,343.69
PROD_2608,571.44,667.31,15,4,3.5,1478.28,819.42
PROD_2609,68.9,77.44,60,7,2.2,272.94,102.78
PROD_2610,674.68,782.37,31,5,3.5,583.46,921.84
PROD_2611,22.98,25.57,21,5,2.1,1163.14,114.42
PROD_2612,212.52,290.24,60,6,1.2,1205.92,282.85
PROD_2613,597.91,710.92,58,8,4.6,1561.66,834.95
PROD_2614,266.69,302.92,41,5,4.5,1249.86,384.57
PROD_2615,99.48,120.06,46,3,4.9,1207.55,149.88
PROD_2616,300.98,349.8,45,6,3.9,1829.09,427.63
PROD_2617,230.91,302.61,26,12,3.7,931.71,365.36
PROD_2618,677.32,941.42,51,2,3.2,489.27,926.01
PROD_2619,264.41,318.17,36,12,1.5,365.49,399.88
PROD_2620,635.37,858.61,52,12,1.8,829.99,1019.66
PROD_2621,715.66,,81,8,2.2,1439.87,947.97
PROD_2622,358.38,396.02,51,8,4.6,132.96,535.96
PROD_2623,729.76,942.64,3,3,1.7,301.65,405.81
PROD_2624,314.31,386.51,14,12,4.7,256.92,458.23
PROD_2625,771.98,986.37,49,8,3.1,1191.24,1142.77
PROD_2626,89.65,122.04,77,9,3.9,523.59,124.26
PROD_2627,555.88,669.36,91,5,1.4,374.21,776.24
PROD_2628,405.17,553.23,1,5,2.1,1205.9,540.44
PROD_2629,322.37,423.18,57,6,4.8,1534.55,403.28
PROD_2630,513.52,627.01,17,7,2.1,697.7,683.14
PROD_2631,569.01,717.59,50,3,2.2,1177.5,739.52
PROD_2632,23.4,27.24,98,5,1.8,241.34,35.79
PROD_2633,150.22,209.45,14,1,1.5,1873.62,178.81
PROD_2634,576.18,739.56,59,11,1.9,706.95,873.12
PROD_2635,539.78,575.05,81,10,3.6,1995.14,867.0
PROD_2636,773.52,900.62,3,5,2.8,1958.25,1105.32
PROD_2637,613.61,778.16,98,4,3.2,1568.71,931.29
PROD_2638,761.6,814.7,40,1,1.5,89.13,1010.48
PROD_2639,567.98,601.13,89,7,4.2,1109.78,773.06
PROD_2640,252.48,304.87,66,1,4.1,219.33,335.47
PROD_2641,102.18,119.19,34,8,1.1,1795.52,123.94
PROD_2642,629.82,757.93,90,10,2.5,1589.79,977.0
PROD_2643,522.44,596.59,95,12,1.3,1946.06,795.35
PROD_2644,57.59,63.78,9,2,4.2,1236.35,78.78
PROD_2645,300.84,388.44,94,10,3.9,1068.24,423.04
PROD_2646,766.3,942.63,84,12,4.6,1062.0,1191.37
PROD_2647,410.31,459.57,21,5,1.9,803.57,549.11
PROD_2648,357.53,415.4,93,6,2.8,963.95,550.37
PROD_2649,377.01,473.95,25,9,1.7,1289.05,467.52
PROD_2650,182.93,196.7,44,7,2.5,1869.25,253.87
PROD_2651,307.59,338.85,25,6,3.1,1211.97,391.28
PROD_2652,308.45,331.78,9,5,1.2,1721.38,371.95
PROD_2653,60.84,81.18,62,6,3.9,1732.42,87.87
PROD_2654,618.7,812.57,26,11,3.2,1061.72,821.43
PROD_2655,344.87,453.05,57,4,4.3,727.57,448.23
PROD_2656,661.3,860.16,37,1,2.1,1297.17,981.68
PROD_2657,683.27,877.52,16,12,4.6,919.46,994.7
PROD_2658,185.36,225.57,37,9,5.0,208.81,234.53
PROD_2659,532.74,679.13,76,11,4.7,786.73,744.24
PROD_2660,388.38,413.01,24,5,4.1,1988.44,488.38
PROD_2661,706.52,895.53,26,8,4.2,144.6,968.53
PROD_2662,188.28,248.95,20,7,3.3,1408.5,267.79
PROD_2663,548.69,672.22,9,8,1.8,1690.32,767.61
PROD_2664,494.05,580.57,87,1,3.7,1315.02,679.52
PROD_2665,250.34,287.16,29,9,3.9,1161.01,340.81
PROD_2666,126.55,161.35,31,1,4.9,1429.73,173.34
PROD_2667,528.28,682.79,19,3,3.2,887.22,703.53
PROD_2668,596.11,807.63,20,8,2.1,228.16,825.42
PROD_2669,266.19,311.39,87,12,3.7,1926.62,419.14
PROD_2670,522.97,690.02,27,11,4.9,892.99,710.8
PROD_2671,328.2,409.1,94,1,1.7,1347.51,506.58
PROD_2672,576.3,783.19,85,1,2.3,1086.06,771.43
PROD_2673,175.39,216.56,44,6,3.2,156.61,228.39
PROD_2674,714.37,879.51,35,5,1.7,1907.86,1027.21
PROD_2675,244.18,305.78,71,11,,1595.45,378.92
PROD_2676,306.87,402.7,22,6,2.3,340.74,436.35
PROD_2677,65.31,90.63,74,3,4.5,1964.22,88.86
PROD_2678,106.98,115.08,87,10,1.2,1486.96,147.64
PROD_2679,422.37,451.39,15,12,2.7,971.03,552.27
PROD_2680,228.72,315.21,94,10,4.0,1242.17,332.0
PROD_2681,671.67,829.82,98,6,4.8,258.14,920.21
PROD_2682,31.46,39.8,13,2,4.9,1142.8,43.51
PROD_2683,315.69,384.78,4,8,2.7,193.64,1217.81
PROD_2684,283.13,306.57,82,12,4.8,1112.47,403.06
PROD_2685,35.08,46.26,56,6,1.1,1127.76,46.76
PROD_2686,117.01,153.46,23,4,4.0,1755.16,175.21
PROD_2687,342.64,397.15,97,4,3.6,1463.86,541.04
PROD_2688,404.43,468.0,98,11,2.0,536.63,276.38
PROD_2689,335.35,450.45,34,7,3.0,1782.43,450.57
PROD_2690,434.13,,100,3,,1167.82,568.69
PROD_2691,484.2,657.73,99,11,4.5,1232.44,727.3
PROD_2692,27.74,31.62,17,3,2.4,379.51,37.28
PROD_2693,381.99,480.37,28,6,3.5,1722.66,476.9
PROD_2694,771.53,1062.86,14,9,1.6,1865.38,997.59
PROD_2695,424.85,546.92,34,1,1.8,1561.23,515.67
PROD_2696,548.48,655.46,75,5,,1884.47,798.12
PROD_2697,263.25,339.95,57,1,4.0,639.48,340.72
PROD_2698,623.71,729.99,77,1,4.8,1729.18,831.07
PROD_2699,622.88,714.47,97,3,2.2,1003.34,892.42
PROD_2700,426.61,596.76,55,3,1.7,369.64,552.78
PROD_2701,781.29,1025.66,66,4,3.0,1354.16,1147.56
PROD_2702,117.93,,98,3,3.0,1384.03,181.99
PROD_2703,33.22,39.01,93,6,1.7,609.5,43.5
PROD_2704,620.72,662.44,37,12,3.9,103.61,939.64
PROD_2705,649.58,689.12,68,4,2.4,439.7,817.4
PROD_2706,113.76,141.52,76,8,1.7,829.57,161.36
PROD_2707,227.15,,26,1,2.3,376.75,302.76
PROD_2708,33.69,41.71,61,8,,428.36,50.6
PROD_2709,248.78,334.43,92,11,3.9,813.21,390.71
PROD_2710,623.05,661.49,67,1,,1925.48,813.29
PROD_2711,424.01,499.64,84,11,3.1,1540.27,653.72
PROD_2712,291.51,330.28,74,1,1.6,673.51,401.96
PROD_2713,309.96,373.98,52,7,4.7,1905.63,1446.78
PROD_2714,21.06,22.64,18,1,4.7,1309.01,27.03
PROD_2715,253.84,351.31,53,9,3.7,938.13,348.61
PROD_2716,524.24,591.41,63,8,1.1,963.19,665.14
PROD_2717,779.87,1070.61,53,1,3.1,850.95,1129.63
PROD_2718,680.71,816.21,27,2,3.5,504.33,931.51
PROD_2719,38.4,53.57,31,2,5.0,803.93,48.3
PROD_2720,720.88,896.71,91,2,5.0,1079.4,1127.59
PROD_2721,630.89,867.98,1,6,,1079.65,884.18
PROD_2722,628.69,661.31,6,4,1.3,1535.39,775.78
PROD_2723,377.24,494.89,11,8,4.8,749.66,445.31
PROD_2724,330.44,451.41,34,1,3.5,1447.76,461.09
PROD_2725,256.27,281.62,84,10,4.2,1177.28,373.83
PROD_2726,71.24,77.2,63,4,2.6,1925.6,112.13
PROD_2727,198.02,237.35,53,10,2.3,801.31,240.89
PROD_2728,212.35,292.36,85,11,2.9,1807.37,298.08
PROD_2729,397.58,492.93,85,5,1.6,1650.25,1636.57
PROD_2730,603.01,744.48,18,9,2.4,1293.45,882.47
PROD_2731,389.57,428.29,21,5,4.4,1326.3,481.24
PROD_2732,65.12,68.39,19,11,1.2,215.07,95.73
PROD_2733,767.08,1022.93,4,3,1.6,1902.94,951.26
PROD_2734,755.32,816.24,77,11,1.5,258.53,1181.17
PROD_2735,632.45,804.38,82,4,2.6,1148.3,978.54
PROD_2736,793.24,1086.82,29,10,5.0,693.64,995.06
PROD_2737,444.7,499.41,25,7,1.7,888.21,556.64
PROD_2738,770.96,989.02,56,1,1.6,1239.86,981.03
PROD_2739,78.97,85.1,77,11,4.7,1822.26,112.41
PROD_2740,305.23,384.99,63,6,4.5,942.26,387.42
PROD_2741,195.8,216.82,27,8,1.1,1976.07,285.35
PROD_2742,172.75,225.88,60,1,4.0,1205.98,235.12
PROD_2743,129.83,150.01,83,8,3.6,363.08,184.01
PROD_2744,505.48,612.74,49,7,4.1,420.52,721.99
PROD_2745,629.43,792.96,65,1,3.0,1446.42,906.46
PROD_2746,471.07,522.87,38,9,5.0,148.28,642.53
PROD_2747,134.63,176.31,83,11,1.2,986.67,181.4
PROD_2748,652.68,754.44,52,3,1.9,339.03,903.68
PROD_2749,516.04,661.48,1,2,2.6,894.78,607.23
PROD_2750,322.77,356.79,40,7,2.8,1512.34,473.1
PROD_2751,545.82,704.57,81,11,4.7,944.69,814.15
PROD_2752,222.73,243.85,21,3,3.2,368.73,305.75
PROD_2753,289.25,346.77,86,1,1.2,541.25,423.01
PROD_2754,735.64,836.07,15,10,2.6,766.7,974.58
PROD_2755,246.59,323.51,50,3,2.7,185.64,312.97
PROD_2756,386.59,441.38,48,6,4.9,1189.46,521.32
PROD_2757,714.31,970.46,32,3,3.4,1234.69,1042.16
PROD_2758,572.02,779.17,49,5,3.5,171.2,686.72
PROD_2759,68.52,76.66,68,9,3.9,834.51,89.17
PROD_2760,134.9,170.62,45,7,4.1,857.3,187.67
PROD_2761,26.12,28.22,32,2,3.5,700.95,38.29
PROD_2762,512.12,607.9,4,1,1.9,1137.59,657.05
PROD_2763,369.19,479.82,65,7,4.5,724.62,532.14
PROD_2764,124.73,159.76,97,4,3.9,862.0,181.03
PROD_2765,767.19,973.29,71,11,4.0,1605.17,1076.97
PROD_2766,433.13,497.62,73,7,5.0,366.11,620.09
PROD_2767,208.68,246.72,65,6,4.2,1257.27,319.13
PROD_2768,410.47,445.78,80,7,4.3,1035.91,651.42
PROD_2769,550.1,716.05,18,4,4.8,644.89,656.17
PROD_2770,79.47,97.45,54,3,1.6,1468.69,115.4
PROD_2771,234.27,304.1,47,12,3.0,1124.82,335.95
PROD_2772,649.43,738.49,6,5,3.3,980.85,754.09
PROD_2773,378.54,440.45,66,3,2.3,1351.96,1894.88
PROD_2774,446.33,520.86,9,3,4.4,1614.47,538.53
PROD_2775,357.6,378.7,68,4,4.0,1946.7,495.84
PROD_2776,54.24,63.43,23,8,3.9,1277.23,68.75
PROD_2777,149.28,198.72,43,2,5.0,1755.16,201.32
PROD_2778,367.52,501.32,51,4,2.0,52.13,494.01
PROD_2779,183.16,225.54,72,11,3.9,1083.96,271.14
PROD_2780,58.98,71.34,25,3,3.2,468.56,77.63
PROD_2781,678.05,719.26,80,7,2.3,233.68,905.8
PROD_2782,785.33,1066.26,35,2,1.6,1087.34,1065.22
PROD_2783,638.65,673.49,17,1,4.6,1506.31,913.64
PROD_2784,685.95,947.07,18,10,3.4,853.93,871.23
PROD_2785,208.74,254.92,27,1,4.3,1356.71,281.33
PROD_2786,769.29,899.82,15,6,3.2,1004.95,1062.53
PROD_2787,173.6,238.44,81,3,1.9,902.32,246.61
PROD_2788,762.12,806.73,69,7,2.4,616.0,1015.13
PROD_2789,795.96,997.73,80,8,2.5,796.06,1141.49
PROD_2790,575.14,714.4,15,5,4.9,732.1,693.51
PROD_2791,785.29,884.84,42,5,1.0,1310.07,590.83
PROD_2792,464.24,557.14,34,12,4.9,276.24,691.27
PROD_2793,222.44,284.35,48,2,4.9,230.64,267.54
PROD_2794,360.86,470.74,83,8,5.0,1337.03,537.09
PROD_2795,482.98,507.25,8,10,2.9,1115.28,639.28
PROD_2796,77.0,106.1,10,1,4.9,888.89,109.29
PROD_2797,505.43,559.8,5,10,2.6,347.26,1524.66
PROD_2798,785.32,888.79,48,9,1.1,851.5,1154.17
PROD_2799,168.28,192.22,26,1,1.9,1589.98,231.82
PROD_2800,638.22,678.58,86,1,4.8,1784.76,921.54
PROD_2801,728.16,795.93,23,1,1.1,1420.02,911.2
PROD_2802,756.09,1054.91,62,7,3.2,166.83,1058.52
PROD_2803,768.91,892.18,13,4,1.3,1357.3,3827.92
PROD_2804,426.74,465.3,9,12,2.1,519.92,604.46
PROD_2805,782.3,850.71,20,7,1.4,664.74,1088.57
PROD_2806,610.7,795.02,92,5,4.4,431.95,846.19
PROD_2807,146.1,197.11,57,12,3.4,1562.72,216.85
PROD_2808,391.98,446.83,24,7,4.6,1314.77,505.4
PROD_2809,580.3,613.56,33,10,3.8,1243.08,827.68
PROD_2810,212.93,240.2,20,7,4.9,1352.55,284.05
PROD_2811,519.68,555.94,60,4,3.0,511.71,672.48
PROD_2812,539.95,586.49,48,2,3.6,917.06,716.17
PROD_2813,146.91,176.44,64,8,3.3,1284.84,223.21
PROD_2814,460.77,520.88,30,2,2.9,1291.36,661.29
PROD_2815,621.87,765.26,73,9,4.4,1594.11,874.47
PROD_2816,409.14,465.9,17,5,3.6,609.85,602.01
PROD_2817,29.44,40.6,100,9,4.2,1552.16,40.9
PROD_2818,27.05,36.98,14,9,4.1,908.36,32.46
PROD_2819,298.48,372.62,19,8,1.8,1356.84,357.06
PROD_2820,742.43,871.65,71,8,3.6,938.65,970.54
PROD_2821,198.37,234.75,59,4,1.8,1899.79,248.67
PROD_2822,514.8,614.75,67,4,3.3,399.64,762.05
PROD_2823,193.22,252.08,97,2,3.7,1366.26,287.1
PROD_2824,270.9,327.27,44,4,5.0,1174.24,395.31
PROD_2825,681.47,919.89,32,4,1.1,386.83,941.6
PROD_2826,588.51,812.4,11,6,1.4,178.71,804.24
PROD_2827,94.41,110.23,2,3,1.3,1608.33,112.05
PROD_2828,354.39,441.65,90,2,2.6,357.03,510.6
PROD_2829,42.75,46.31,68,8,4.3,413.69,60.77
PROD_2830,395.09,442.57,17,2,4.4,1957.95,590.2
PROD_2831,536.7,641.2,81,8,3.9,1448.66,734.61
PROD_2832,112.43,126.17,92,7,4.6,538.45,146.36
PROD_2833,245.33,332.86,94,3,2.3,1202.35,367.95
PROD_2834,330.31,365.13,40,6,1.4,1091.52,469.35
PROD_2835,737.23,891.67,87,6,1.2,1696.72,1019.85
PROD_2836,794.74,1002.96,46,10,4.4,1472.18,1105.83
PROD_2837,55.03,71.11,88,5,3.9,1671.86,74.1
PROD_2838,613.59,726.53,93,8,3.8,462.44,987.63
PROD_2839,309.94,419.72,4,11,2.4,1298.43,400.4
PROD_2840,326.12,407.29,38,12,2.5,128.47,433.68
PROD_2841,608.33,732.32,63,5,4.8,184.43,766.56
PROD_2842,736.37,790.52,29,7,1.3,1441.38,966.05
PROD_2843,761.72,923.7,19,6,4.1,97.62,918.07
PROD_2844,470.16,628.72,91,11,2.2,1180.54,308.9
PROD_2845,298.55,377.7,29,7,1.2,1688.79,446.85
PROD_2846,634.29,850.74,100,9,4.0,790.89,860.68
PROD_2847,215.78,263.88,35,3,2.3,137.44,290.71
PROD_2848,459.98,502.05,70,10,3.9,1442.0,593.78
PROD_2849,299.69,316.11,23,7,3.8,1862.89,395.95
PROD_2850,532.17,615.26,46,10,3.1,1448.48,708.92
PROD_2851,207.51,268.58,44,3,4.1,1177.97,270.25
PROD_2852,169.44,224.78,48,2,3.3,498.56,237.57
PROD_2853,736.23,849.25,52,12,2.1,79.98,1016.05
PROD_2854,99.41,121.62,8,7,3.9,1404.61,145.17
PROD_2855,414.65,496.5,55,4,3.4,500.5,598.06
PROD_2856,192.27,229.5,66,1,1.1,1723.42,278.72
PROD_2857,50.37,56.96,77,6,4.6,959.41,78.84
PROD_2858,48.09,52.79,40,11,3.2,1084.74,76.9
PROD_2859,156.67,175.29,85,6,4.5,1520.18,231.5
PROD_2860,696.08,744.37,31,6,4.5,1569.89,954.23
PROD_2861,240.33,269.02,48,2,2.8,1303.17,324.8
PROD_2862,761.36,801.88,100,1,3.0,1879.94,1194.27
PROD_2863,473.67,601.34,61,3,2.7,1965.48,683.99
PROD_2864,360.56,418.51,52,12,2.8,1896.43,588.16
PROD_2865,472.47,657.02,38,2,4.6,1657.15,617.88
PROD_2866,423.02,472.86,91,6,,1425.97,604.25
PROD_2867,611.85,716.5,36,12,1.5,1343.49,859.0
PROD_2868,240.35,282.47,87,6,3.4,252.31,366.32
PROD_2869,295.38,311.02,55,5,5.0,579.39,378.87
PROD_2870,717.39,963.98,85,10,3.4,61.09,993.36
PROD_2871,758.24,804.64,13,10,4.1,317.95,1007.26
PROD_2872,716.2,987.68,37,5,4.1,906.5,923.85
PROD_2873,347.17,472.92,47,9,2.4,335.75,457.4
PROD_2874,628.69,777.96,90,5,2.5,1808.24,916.82
PROD_2875,391.54,485.61,71,10,3.9,1621.11,508.19
PROD_2876,408.08,521.86,22,6,3.0,189.64,533.54
PROD_2877,179.65,212.97,39,11,3.3,535.38,288.23
PROD_2878,481.08,614.11,87,4,3.9,1647.19,766.02
PROD_2879,165.19,176.03,58,10,4.1,1615.94,232.73
PROD_2880,278.62,297.82,30,1,2.1,1893.63,383.56
PROD_2881,686.92,831.2,18,4,1.6,1995.22,866.15
PROD_2882,181.52,225.51,18,2,2.2,1953.73,269.43
PROD_2883,75.5,102.74,74,10,3.0,849.77,100.52
PROD_2884,73.83,80.22,39,3,2.4,538.14,98.98
PROD_2885,753.81,1008.55,94,7,3.3,1528.9,990.75
PROD_2886,415.4,466.71,26,7,1.2,633.58,512.76
PROD_2887,339.34,403.11,71,1,3.0,1622.48,442.7
PROD_2888,652.49,757.41,7,8,2.5,1091.21,893.35
PROD_2889,671.94,799.65,69,7,3.1,1598.16,990.38
PROD_2890,279.11,307.77,65,1,2.7,587.97,382.2
PROD_2891,561.02,687.95,46,8,2.1,1040.65,734.86
PROD_2892,621.48,826.92,18,2,4.6,1149.85,3118.49
PROD_2893,530.63,639.16,13,8,1.7,1889.06,616.04
PROD_2894,138.24,168.89,25,3,3.7,569.87,102.62
PROD_2895,703.19,947.24,8,10,4.7,1876.54,988.44
PROD_2896,440.49,571.37,74,7,3.2,1619.47,683.82
PROD_2897,240.33,293.6,32,6,4.5,1475.24,314.85
PROD_2898,351.68,400.98,17,5,1.5,1584.4,473.21
PROD_2899,49.31,67.04,79,11,3.0,1230.58,76.73
PROD_2900,119.74,149.9,79,10,2.8,525.96,183.05
PROD_2901,617.13,695.75,48,11,1.0,419.52,808.53
PROD_2902,20.01,22.89,63,2,2.8,1739.37,27.76
PROD_2903,344.92,459.12,40,2,2.5,1464.02,441.86
PROD_2904,427.56,455.54,84,12,3.7,465.75,605.36
PROD_2905,62.61,87.49,15,1,4.8,1249.43,77.87
PROD_2906,779.0,853.49,99,9,1.3,922.72,1209.38
PROD_2907,196.38,260.91,6,11,2.3,359.38,260.68
PROD_2908,257.28,305.69,94,8,2.8,1087.12,416.26
PROD_2909,257.08,314.22,63,8,2.8,598.96,336.98
PROD_2910,199.72,,8,1,4.1,237.68,158.1
PROD_2911,21.15,25.26,95,5,2.8,960.57,31.59
PROD_2912,588.89,729.12,32,12,1.1,1200.71,813.87
PROD_2913,774.14,826.2,45,6,3.8,141.47,1048.69
PROD_2914,194.95,204.86,52,2,4.5,834.08,260.61
PROD_2915,537.18,610.06,79,10,3.1,552.44,746.57
PROD_2916,598.68,771.22,82,5,3.3,109.77,823.63
PROD_2917,681.77,744.8,13,6,1.7,295.04,882.12
PROD_2918,349.65,381.06,24,9,1.9,321.12,480.08
PROD_2919,256.29,305.96,40,10,1.9,406.6,362.84
PROD_2920,273.73,349.48,14,1,2.7,1616.59,354.75
PROD_2921,575.84,748.15,92,10,4.7,907.01,915.07
PROD_2922,657.09,730.98,75,3,3.1,336.82,1016.07
PROD_2923,161.66,174.24,70,12,1.8,245.58,216.04
PROD_2924,309.33,426.61,62,9,2.1,630.98,368.01
PROD_2925,723.51,825.7,89,1,2.5,1606.13,1044.62
PROD_2926,649.22,875.59,61,1,3.5,760.7,922.76
PROD_2927,788.19,1065.81,1,1,2.8,361.8,950.4
PROD_2928,608.31,803.21,89,7,2.6,838.03,821.51
PROD_2929,326.69,,66,5,3.3,1132.86,476.8
PROD_2930,480.7,643.0,32,6,2.0,107.69,635.07
PROD_2931,535.59,706.57,13,8,1.3,1273.9,641.04
PROD_2932,81.2,102.21,33,2,1.1,820.45,117.25
PROD_2933,444.71,519.43,32,2,2.0,68.97,609.41
PROD_2934,573.27,654.6,56,3,1.4,1364.08,757.79
PROD_2935,150.51,164.46,24,3,2.3,1439.16,206.92
PROD_2936,628.89,772.54,91,3,4.1,1276.24,833.95
PROD_2937,475.34,596.48,4,4,3.9,716.76,622.22
PROD_2938,762.73,896.8,88,3,3.4,1082.73,1015.41
PROD_2939,53.09,64.58,23,2,4.4,804.96,65.23
PROD_2940,226.95,267.18,29,9,2.1,1416.21,300.7
PROD_2941,489.21,623.43,98,6,4.5,1187.98,685.97
PROD_2942,251.32,343.16,21,3,2.6,209.51,343.11
PROD_2943,577.25,639.23,30,9,2.6,1304.03,816.41
PROD_2944,612.02,724.33,90,4,2.6,1390.11,837.32
PROD_2945,99.96,109.89,20,4,1.4,772.87,114.58
PROD_2946,420.81,533.89,16,8,4.9,1757.78,617.46
PROD_2947,416.93,544.14,67,7,1.6,1693.88,532.84
PROD_2948,308.04,423.91,49,7,2.4,391.57,403.5
PROD_2949,747.68,858.04,58,10,2.3,1813.32,1061.66
PROD_2950,665.45,920.04,44,7,1.3,909.7,958.68
PROD_2951,563.82,604.5,25,10,1.6,1461.31,813.3
PROD_2952,577.17,727.85,23,11,1.2,1637.49,872.71
PROD_2953,380.14,406.75,59,5,2.2,1034.97,500.63
PROD_2954,738.38,1006.27,1,7,4.5,828.25,1000.6
PROD_2955,561.78,694.05,97,4,2.4,1835.13,774.5
PROD_2956,588.61,755.93,15,8,1.5,500.16,715.26
PROD_2957,692.12,928.17,81,9,3.6,551.09,998.79
PROD_2958,233.78,257.76,98,12,5.0,755.16,381.72
PROD_2959,649.52,690.76,81,3,1.9,1725.96,844.59
PROD_2960,172.29,233.9,52,7,2.1,1880.64,668.45
PROD_2961,289.37,335.73,58,12,4.9,479.13,1418.38
PROD_2962,281.78,308.59,41,10,1.7,1734.55,421.82
PROD_2963,783.25,950.84,44,9,3.0,553.5,1087.64
PROD_2964,688.1,866.6,4,1,2.0,1942.75,883.84
PROD_2965,566.91,601.4,77,2,4.7,1214.95,906.57
PROD_2966,587.1,672.95,68,7,4.9,63.82,869.79
PROD_2967,458.42,486.6,7,2,4.3,116.55,592.76
PROD_2968,758.73,908.29,46,7,2.3,337.59,996.99
PROD_2969,407.08,,9,1,2.6,415.77,493.68
PROD_2970,316.8,441.6,87,3,2.0,1546.86,453.6
PROD_2971,147.17,,33,5,4.6,484.39,191.92
PROD_2972,633.24,700.73,33,12,4.7,1939.83,906.22
PROD_2973,592.87,810.48,84,11,2.7,1290.42,923.75
PROD_2974,319.8,393.57,4,6,3.6,1400.41,388.47
PROD_2975,39.65,43.77,65,9,1.7,474.74,197.95
PROD_2976,674.42,925.71,34,9,2.7,1790.78,849.85
PROD_2977,28.91,38.01,91,3,3.5,1352.24,41.31
PROD_2978,568.89,743.02,85,8,2.5,1735.59,870.46
PROD_2979,776.8,1008.45,88,4,2.4,1915.14,1158.52
PROD_2980,361.38,404.78,79,7,1.0,295.0,477.79
PROD_2981,203.28,228.46,99,6,4.2,238.35,298.13
PROD_2982,569.8,735.56,64,8,4.6,1616.65,868.73
PROD_2983,657.36,740.78,25,6,4.9,1738.95,3126.32
PROD_2984,446.22,537.04,55,4,3.9,1188.33,1667.08
PROD_2985,774.29,1024.92,9,2,3.2,763.7,1091.31
PROD_2986,60.3,79.86,17,7,2.1,1322.63,69.78
PROD_2987,413.74,500.06,21,11,5.0,646.04,642.23
PROD_2988,580.39,770.34,60,11,3.4,514.85,954.66
PROD_2989,692.86,,13,4,3.7,1001.88,960.04
PROD_2990,159.82,204.44,3,9,3.7,471.5,217.47
PROD_2991,644.0,727.69,68,9,4.4,993.22,913.44
PROD_2992,451.11,516.93,4,7,1.0,1915.38,562.67
PROD_2993,329.31,382.07,92,5,1.9,1687.58,502.28
PROD_2994,122.74,133.89,7,3,3.7,1886.18,167.15
PROD_2995,694.93,796.12,26,3,4.6,1622.34,963.51
PROD_2996,142.67,160.27,75,9,3.7,741.76,210.58
PROD_2997,261.63,316.41,24,9,2.7,1633.49,383.32
PROD_2998,246.24,336.84,10,12,2.4,1849.69,371.26
PROD_2999,699.7,760.27,13,11,4.0,1896.72,955.48
PROD_3000,544.71,709.26,44,4,4.0,1382.24,766.12
PROD_3001,641.41,827.77,39,11,3.4,462.16,1024.97
PROD_3002,215.36,233.35,19,1,2.2,127.47,288.5
PROD_3003,507.4,696.61,51,10,4.7,337.04,773.89
PROD_3004,465.96,581.97,19,5,3.2,1932.82,678.42
PROD_3005,669.61,788.33,76,8,4.2,951.09,1002.4
PROD_3006,726.75,955.52,52,10,1.9,1717.22,972.5
PROD_3007,29.48,33.61,86,4,2.4,956.84,39.8
PROD_3008,545.74,705.49,47,10,4.5,1338.59,786.61
PROD_3009,60.43,64.29,30,10,1.2,97.07,79.72
PROD_3010,448.11,602.17,46,4,3.0,537.24,652.82
PROD_3011,244.35,294.9,76,12,2.9,900.73,387.02
PROD_3012,259.29,330.03,93,9,4.0,1279.73,360.14
PROD_3013,295.31,332.94,21,9,2.1,384.47,396.53
PROD_3014,504.61,649.42,75,7,1.9,1540.88,707.33
PROD_3015,280.56,370.42,48,10,4.7,760.59,376.25
PROD_3016,591.51,,62,8,3.3,1644.0,819.89
PROD_3017,335.53,424.85,58,12,1.4,241.04,530.23
PROD_3018,73.32,88.69,18,12,1.8,1375.53,100.35
PROD_3019,631.33,860.46,59,4,5.0,621.99,859.09
PROD_3020,242.89,,91,8,1.8,1601.0,343.68
PROD_3021,357.56,480.78,48,6,3.4,834.23,457.82
PROD_3022,554.65,737.94,63,3,2.7,1347.43,771.04
PROD_3023,279.32,333.41,12,7,4.5,1871.9,351.79
PROD_3024,64.14,72.51,87,3,4.0,90.22,94.85
PROD_3025,311.66,371.54,34,11,3.4,71.68,413.89
PROD_3026,756.67,1013.31,61,7,1.0,1552.04,1068.48
PROD_3027,520.55,588.05,87,5,4.5,1310.47,691.47
PROD_3028,543.75,670.75,53,4,2.8,621.31,838.61
PROD_3029,513.18,,25,3,4.7,1014.07,1950.43
PROD_3030,175.21,205.65,62,8,3.0,131.77,259.76
PROD_3031,346.3,441.45,4,4,3.8,425.27,464.54
PROD_3032,605.73,688.1,94,8,1.3,877.77,2986.85
PROD_3033,99.07,107.81,94,10,4.0,1676.39,154.29
PROD_3034,236.73,314.38,13,3,2.4,985.35,284.56
PROD_3035,235.53,255.46,42,10,2.4,1193.41,873.26
PROD_3036,356.97,408.73,49,9,,1753.82,253.94
PROD_3037,784.69,1058.77,78,6,1.6,652.2,1186.38
PROD_3038,72.65,85.09,56,5,1.7,1416.36,109.57
PROD_3039,424.59,590.42,47,5,2.3,1730.25,639.9
PROD_3040,159.9,222.73,8,3,4.6,445.1,191.53
PROD_3041,777.13,,55,2,2.5,745.13,1032.22
PROD_3042,108.38,115.35,88,6,3.9,1960.63,155.59
PROD_3043,334.81,434.17,18,11,1.3,1967.28,444.08
PROD_3044,595.55,719.33,35,1,3.4,485.3,728.99
PROD_3045,569.55,618.11,89,7,2.9,179.57,789.15
PROD_3046,349.73,453.82,81,5,4.9,578.3,559.55
PROD_3047,290.29,307.97,32,4,4.4,825.58,405.02
PROD_3048,330.14,447.19,24,9,2.8,909.96,441.85
PROD_3049,226.14,248.42,7,10,4.1,1256.67,295.45
PROD_3050,180.16,197.2,13,1,1.8,1804.03,250.91
PROD_3051,396.77,441.01,91,11,,694.18,684.42
PROD_3052,229.46,318.05,69,4,1.3,1707.47,326.44
PROD_3053,244.22,315.68,100,3,2.4,232.28,309.98
PROD_3054,532.27,708.17,90,6,1.9,131.66,772.2
PROD_3055,775.46,922.15,42,5,3.9,1032.89,1202.53
PROD_3056,490.84,573.16,31,7,3.0,166.34,648.15
PROD_3057,80.04,90.62,74,1,4.0,815.36,116.21
PROD_3058,78.96,96.19,26,5,3.1,1798.72,57.38
PROD_3059,762.11,947.41,86,2,1.3,520.89,986.92
PROD_3060,251.89,320.18,76,2,3.9,1426.65,394.63
PROD_3061,91.81,104.67,32,11,4.3,639.61,130.6
PROD_3062,487.25,673.4,91,11,4.6,137.59,721.61
PROD_3063,506.45,561.86,97,2,3.3,1135.55,728.49
PROD_3064,525.83,729.85,52,9,4.0,1677.96,459.69
PROD_3065,228.57,241.19,20,10,4.0,848.46,282.37
PROD_3066,31.79,38.73,40,3,1.6,1253.72,46.56
PROD_3067,772.71,901.51,59,4,1.7,1805.05,1034.06
PROD_3068,215.7,260.39,77,5,1.3,1589.9,325.68
PROD_3069,547.3,683.98,14,4,2.3,428.06,775.82
PROD_3070,571.17,,44,4,2.9,1480.1,402.68
PROD_3071,495.81,592.59,86,5,5.0,1028.69,667.21
PROD_3072,264.07,344.99,82,10,2.7,1504.64,358.24
PROD_3073,231.46,298.59,48,9,3.9,1014.31,340.97
PROD_3074,486.18,652.28,93,12,3.8,299.52,691.21
PROD_3075,695.55,791.18,43,9,1.8,1161.32,890.41
PROD_3076,758.45,958.18,16,6,1.2,1009.66,932.75
PROD_3077,102.61,128.75,35,11,3.2,1059.95,145.97
PROD_3078,140.77,166.02,53,12,3.8,1763.86,199.94
PROD_3079,756.89,923.5,34,3,5.0,1794.93,1135.84
PROD_3080,594.5,689.51,3,6,2.4,934.4,844.17
PROD_3081,708.74,779.36,68,10,4.6,938.68,1012.0
PROD_3082,178.05,200.28,5,4,2.5,1054.61,238.56
PROD_3083,478.32,519.9,10,3,3.8,1063.2,652.96
PROD_3084,566.89,730.76,52,6,3.4,1903.25,826.3
PROD_3085,550.49,705.31,29,11,1.2,1316.33,791.34
PROD_3086,338.36,467.85,96,6,1.3,591.04,484.72
PROD_3087,32.01,41.78,31,2,1.1,1086.5,44.85
PROD_3088,474.68,507.06,66,9,2.5,1273.09,683.11
PROD_3089,217.42,295.58,76,8,4.0,1297.55,298.37
PROD_3090,371.2,501.84,91,6,1.7,1191.25,499.12
PROD_3091,766.91,924.25,69,1,3.4,396.59,1046.54
PROD_3092,331.25,415.73,37,12,2.2,115.51,479.59
PROD_3093,675.05,939.41,27,2,4.2,708.79,877.21
PROD_3094,167.06,206.54,87,4,4.2,883.67,792.83
PROD_3095,544.52,744.28,33,7,4.1,170.52,716.88
PROD_3096,782.07,843.9,68,9,3.1,1639.19,1186.33
PROD_3097,99.48,111.1,59,10,2.1,720.95,120.76
PROD_3098,26.49,31.9,64,5,4.2,1831.58,22.87
PROD_3099,358.19,449.41,85,10,1.7,351.1,519.71
PROD_3100,92.25,123.21,88,2,2.2,161.02,126.15
PROD_3101,603.74,842.76,44,11,1.7,990.52,880.23
PROD_3102,733.35,869.82,95,11,3.7,418.8,1218.17
PROD_3103,358.54,382.41,88,11,3.7,1877.93,536.09
PROD_3104,221.8,295.08,49,1,3.6,70.09,326.26
PROD_3105,358.83,452.68,53,10,2.7,854.61,540.56
PROD_3106,584.29,654.11,74,1,1.4,1857.16,868.88
PROD_3107,27.06,33.1,49,5,4.6,799.62,40.6
PROD_3108,479.77,628.41,66,7,3.0,231.56,695.36
PROD_3109,498.37,657.67,95,9,2.6,640.65,711.52
PROD_3110,517.4,633.74,63,9,3.4,1021.12,813.7
PROD_3111,208.78,241.52,25,8,1.8,411.05,263.18
PROD_3112,576.96,802.44,4,1,1.5,959.8,681.45
PROD_3113,91.29,117.04,51,5,2.6,1680.87,119.41
PROD_3114,175.43,209.27,11,6,1.9,1751.61,236.45
PROD_3115,704.43,808.8,17,6,2.0,146.06,853.6
PROD_3116,596.2,778.57,66,4,,363.76,904.21
PROD_3117,30.72,34.86,70,1,3.1,586.82,42.44
PROD_3118,213.73,237.27,73,3,2.9,1209.99,320.93
PROD_3119,187.24,231.32,69,10,3.8,753.94,723.85
PROD_3120,231.23,266.26,84,4,4.8,1695.88,325.71
PROD_3121,213.1,270.66,29,4,1.4,1447.51,257.53
PROD_3122,68.77,75.05,85,4,4.3,245.89,91.38
PROD_3123,377.97,483.51,73,5,3.3,1267.89,532.59
PROD_3124,591.53,679.76,92,11,1.6,270.37,952.11
PROD_3125,493.25,517.96,72,9,2.2,547.32,671.59
PROD_3126,544.84,596.29,95,4,2.9,396.85,819.55
PROD_3127,83.3,114.68,20,9,3.8,387.47,107.48
PROD_3128,762.16,1031.64,27,9,2.0,1251.97,904.29
PROD_3129,674.02,762.84,8,1,3.1,1149.03,905.1
PROD_3130,647.97,856.9,85,5,3.7,393.25,823.62
PROD_3131,661.93,836.01,61,9,2.8,1980.84,1028.76
PROD_3132,747.51,1038.91,28,4,4.5,872.58,1054.15
PROD_3133,444.52,524.87,87,5,4.5,239.29,616.88
PROD_3134,176.22,227.06,70,4,2.9,285.11,251.68
PROD_3135,501.09,537.29,3,2,4.9,1188.59,616.76
PROD_3136,599.45,712.56,69,10,1.3,1959.19,907.39
PROD_3137,595.58,826.26,73,2,1.0,1165.3,886.61
PROD_3138,426.73,528.57,7,2,2.5,1900.63,609.97
PROD_3139,73.4,84.46,60,1,3.4,916.06,294.52
PROD_3140,309.47,337.97,4,3,3.5,899.89,384.35
PROD_3141,738.2,956.88,5,11,2.9,1025.01,1064.26
PROD_3142,475.87,607.07,11,10,1.5,1409.98,715.87
PROD_3143,439.9,519.47,15,1,1.7,766.85,627.94
PROD_3144,229.71,317.64,64,4,4.4,1734.58,322.89
PROD_3145,307.39,325.15,98,1,4.5,107.1,476.91
PROD_3146,718.37,830.65,13,4,3.7,907.54,1024.95
PROD_3147,539.84,740.86,7,3,3.7,1046.43,690.93
PROD_3148,634.16,737.1,6,9,3.4,1233.71,892.07
PROD_3149,374.39,426.16,56,1,1.8,588.34,487.64
PROD_3150,511.59,632.83,64,8,2.7,883.59,676.81
PROD_3151,213.74,286.05,50,11,3.8,994.85,297.1
PROD_3152,570.26,619.36,30,9,3.1,1389.47,2494.43
PROD_3153,353.53,487.89,22,12,1.1,1558.41,544.8
PROD_3154,365.19,485.07,25,7,4.8,1488.76,515.63
PROD_3155,526.47,,28,1,,716.09,653.55
PROD_3156,750.3,974.79,84,4,2.0,1998.93,1007.72
PROD_3157,69.92,82.84,39,10,3.5,1704.9,97.75
PROD_3158,663.3,789.86,67,1,4.7,557.05,955.54
PROD_3159,248.06,328.47,5,4,1.4,430.46,323.04
PROD_3160,366.26,507.99,65,3,3.0,662.34,469.12
PROD_3161,37.09,40.59,15,2,2.8,932.07,53.43
PROD_3162,254.82,305.07,90,1,2.6,1709.06,401.54
PROD_3163,412.05,502.02,67,6,4.3,1567.81,590.75
PROD_3164,63.82,75.41,40,12,2.5,1709.93,97.59
PROD_3165,403.05,474.44,98,7,1.3,580.32,632.34
PROD_3166,743.15,793.9,69,6,1.3,1207.25,1097.86
PROD_3167,102.21,131.84,95,9,1.2,602.34,53.2
PROD_3168,616.26,741.17,77,12,2.6,262.6,967.5
PROD_3169,339.54,379.67,43,9,3.9,1384.19,447.94
PROD_3170,531.04,709.26,1,2,1.8,328.85,683.61
PROD_3171,222.98,296.77,22,2,3.6,1352.01,327.78
PROD_3172,144.4,176.21,62,9,3.7,1313.53,195.14
PROD_3173,145.16,167.58,79,1,,1629.98,225.46
PROD_3174,74.98,95.48,26,5,3.4,322.13,103.97
PROD_3175,164.8,189.67,18,1,3.7,1577.79,218.24
PROD_3176,538.09,609.44,48,7,2.9,1998.59,774.56
PROD_3177,707.72,924.05,9,9,2.3,1709.53,909.95
PROD_3178,655.02,697.01,1,6,,1516.03,919.48
PROD_3179,554.4,600.51,9,2,4.9,1341.22,744.71
PROD_3180,106.14,,23,6,2.7,872.47,154.74
PROD_3181,245.57,270.99,45,9,2.6,1474.48,344.15
PROD_3182,261.65,281.05,2,3,2.9,1462.15,353.48
PROD_3183,214.97,300.64,14,9,1.3,1281.42,310.5
PROD_3184,421.7,485.42,38,8,3.2,1602.74,551.94
PROD_3185,437.73,482.49,40,12,2.3,925.09,669.69
PROD_3186,298.37,338.46,63,7,1.5,286.44,367.19
PROD_3187,295.96,407.72,82,8,2.9,1140.18,453.02
PROD_3188,666.27,820.89,16,10,1.0,566.83,875.55
PROD_3189,635.65,748.59,93,6,2.6,799.64,1000.62
PROD_3190,260.08,352.59,75,3,1.4,83.96,384.99
PROD_3191,732.75,870.69,6,7,1.1,796.44,869.84
PROD_3192,763.2,890.84,3,4,4.3,1627.16,918.39
PROD_3193,274.86,308.54,14,11,4.7,1108.31,412.64
PROD_3194,296.45,350.47,66,10,1.8,69.11,411.89
PROD_3195,414.39,481.05,96,5,3.2,966.2,562.23
PROD_3196,754.07,970.54,95,8,2.1,618.33,1009.38
PROD_3197,703.53,810.01,75,7,3.0,981.22,1027.35
PROD_3198,100.0,125.21,86,7,2.7,839.15,129.22
PROD_3199,326.33,350.17,67,8,2.1,1867.36,509.94
PROD_3200,451.63,504.45,31,10,3.8,130.3,651.36
PROD_3201,412.44,491.88,33,3,1.5,1383.0,587.23
PROD_3202,171.21,235.92,88,3,1.2,1709.5,216.54
PROD_3203,689.88,815.46,1,2,4.1,1920.52,845.78
PROD_3204,548.01,,44,1,3.7,396.39,754.88
PROD_3205,673.57,767.38,15,10,3.0,1086.04,971.35
PROD_3206,689.84,755.0,37,6,2.9,135.0,894.68
PROD_3207,603.72,646.27,27,6,3.0,1023.41,781.29
PROD_3208,362.58,419.47,48,10,2.7,294.64,447.33
PROD_3209,496.23,548.42,27,12,2.6,1683.9,759.62
PROD_3210,145.09,161.18,12,8,3.0,272.05,193.4
PROD_3211,545.44,717.95,67,6,3.1,1050.91,697.75
PROD_3212,159.82,168.69,30,6,3.8,1066.14,214.99
PROD_3213,561.28,698.93,96,1,3.8,1944.72,870.84
PROD_3214,199.09,235.48,87,12,2.5,1327.21,301.29
PROD_3215,111.69,137.08,66,7,2.7,611.29,159.77
PROD_3216,148.92,185.7,7,7,2.5,519.56,208.76
PROD_3217,21.55,25.0,34,10,3.1,300.08,30.3
PROD_3218,580.62,669.62,32,9,2.8,1525.2,799.26
PROD_3219,591.27,772.61,39,12,,1396.98,382.24
PROD_3220,421.65,571.31,96,7,3.8,1239.26,666.48
PROD_3221,145.86,162.99,43,8,4.6,129.64,194.89
PROD_3222,85.17,92.34,43,4,3.8,1537.52,109.79
PROD_3223,34.92,47.64,78,9,4.9,1301.68,54.98
PROD_3224,149.28,175.03,3,1,3.5,1929.58,186.65
PROD_3225,714.87,888.55,46,8,4.9,1195.04,1112.54
PROD_3226,208.4,245.04,32,3,1.6,642.71,245.49
PROD_3227,296.33,324.2,43,1,1.2,793.97,426.96
PROD_3228,102.17,128.35,100,2,3.3,392.89,155.29
PROD_3229,193.44,238.67,81,6,4.9,1459.68,297.52
PROD_3230,425.0,476.44,3,5,2.7,1430.06,272.02
PROD_3231,494.05,596.89,74,3,1.8,441.27,745.53
PROD_3232,211.37,280.9,63,9,3.1,359.05,276.44
PROD_3233,65.03,81.72,40,8,3.6,200.16,84.33
PROD_3234,325.01,352.28,18,3,2.3,1828.35,386.05
PROD_3235,202.68,251.69,67,2,3.9,504.49,310.3
PROD_3236,191.25,247.85,62,8,4.9,721.12,266.92
PROD_3237,768.69,1020.4,10,5,4.6,596.98,1039.76
PROD_3238,500.71,636.0,52,9,2.2,856.57,730.94
PROD_3239,454.37,501.36,73,1,2.3,1442.4,671.31
PROD_3240,344.3,447.1,46,10,2.5,1747.66,480.05
PROD_3241,354.58,456.36,55,3,2.6,406.07,492.57
PROD_3242,441.91,467.78,46,5,1.4,1388.5,623.5
PROD_3243,563.22,672.54,75,2,4.0,737.5,850.6
PROD_3244,567.67,662.21,60,3,2.5,1962.03,745.09
PROD_3245,153.92,197.68,97,4,4.5,632.89,207.39
PROD_3246,410.09,461.61,100,4,4.7,64.03,530.57
PROD_3247,341.33,428.98,26,11,1.1,1055.5,471.25
PROD_3248,699.01,957.38,27,9,5.0,343.93,936.11
PROD_3249,512.51,681.24,38,1,3.8,136.76,733.09
PROD_3250,435.35,597.53,22,12,3.1,1411.63,2260.97
PROD_3251,110.01,153.18,26,9,2.6,1477.91,138.06
PROD_3252,492.4,518.86,86,9,3.1,948.36,755.21
PROD_3253,111.42,141.27,69,11,2.3,1369.93,168.83
PROD_3254,283.02,338.07,35,6,3.5,1099.57,364.05
PROD_3255,131.42,177.54,66,11,1.4,1278.11,200.06
PROD_3256,559.82,637.15,99,1,3.5,1213.57,883.57
PROD_3257,180.88,252.03,73,11,2.1,1348.35,258.23
PROD_3258,325.65,411.88,51,12,1.1,439.28,465.94
PROD_3259,718.63,954.15,18,6,3.2,573.98,833.1
PROD_3260,179.37,193.71,43,8,3.3,907.93,237.86
PROD_3261,416.09,463.61,12,5,2.7,919.95,564.78
PROD_3262,347.03,,3,5,1.3,1560.1,496.29
PROD_3263,34.14,36.11,82,1,4.6,766.42,51.64
PROD_3264,638.35,852.78,7,1,3.4,366.89,824.42
PROD_3265,73.86,77.91,97,8,1.5,540.36,115.55
PROD_3266,389.92,499.09,6,5,3.0,468.73,471.42
PROD_3267,457.33,538.63,82,8,3.0,1476.74,691.65
PROD_3268,510.17,644.87,45,10,1.2,967.16,250.29
PROD_3269,557.13,720.71,86,2,3.4,1431.83,876.77
PROD_3270,217.55,254.51,39,4,4.2,861.63,321.52
PROD_3271,27.78,30.22,51,11,4.0,1784.98,45.48
PROD_3272,584.29,,9,10,1.8,1967.86,735.77
PROD_3273,437.81,549.95,99,9,,1356.19,679.54
PROD_3274,672.17,828.27,23,3,2.4,1734.43,963.34
PROD_3275,660.68,865.34,12,6,4.8,1040.47,944.39
PROD_3276,677.79,832.61,88,11,1.3,1872.51,1071.17
PROD_3277,398.37,477.19,62,7,2.9,1671.59,526.02
PROD_3278,280.23,333.29,73,3,3.4,1983.97,383.43
PROD_3279,637.42,675.19,77,1,2.0,1265.03,857.46
PROD_3280,372.01,434.3,40,2,4.1,1569.45,537.23
PROD_3281,163.08,226.95,54,11,3.5,1108.59,266.57
PROD_3282,686.88,931.23,81,10,1.1,555.28,869.69
PROD_3283,708.4,825.48,7,7,3.4,741.77,2962.93
PROD_3284,383.72,481.85,17,7,3.0,1793.31,486.53
PROD_3285,79.05,106.44,50,12,1.8,159.1,113.61
PROD_3286,322.5,388.44,24,1,5.0,1203.39,411.34
PROD_3287,646.76,683.16,2,10,4.6,776.34,932.81
PROD_3288,723.38,778.42,99,7,,804.05,1103.86
PROD_3289,178.71,219.57,92,10,3.2,1774.91,251.36
PROD_3290,72.24,100.36,83,11,2.3,1714.95,117.54
PROD_3291,704.33,910.44,33,6,4.1,1217.74,908.46
PROD_3292,323.74,347.96,21,11,4.7,582.19,447.49
PROD_3293,442.57,494.03,74,6,2.4,977.14,604.33
PROD_3294,775.09,1023.09,53,7,4.2,846.17,1012.56
PROD_3295,71.92,96.7,46,7,3.0,739.56,105.65
PROD_3296,525.69,665.62,45,1,2.6,250.43,2390.24
PROD_3297,77.8,99.24,9,10,4.8,1109.07,101.03
PROD_3298,312.87,331.61,6,5,3.0,638.57,377.36
PROD_3299,646.98,866.94,51,8,2.9,1338.58,800.25
PROD_3300,358.11,474.81,35,8,3.7,672.45,477.4
PROD_3301,797.8,910.02,82,3,2.0,890.77,3041.56
PROD_3302,456.07,591.99,53,3,2.3,152.1,581.64
PROD_3303,270.51,304.37,19,7,4.7,1985.45,376.14
PROD_3304,191.69,203.98,69,4,3.7,1039.84,269.42
PROD_3305,293.41,,25,6,4.3,97.26,376.13
PROD_3306,310.58,345.52,11,9,2.1,1105.4,447.23
PROD_3307,73.6,85.98,74,10,3.2,1747.19,98.12
PROD_3308,308.27,368.83,17,2,4.9,1556.48,408.73
PROD_3309,382.11,469.22,36,2,2.3,1416.77,492.31
PROD_3310,583.74,710.33,90,6,,321.96,775.39
PROD_3311,532.25,609.28,95,3,3.0,1332.59,750.42
PROD_3312,572.84,607.33,96,1,2.6,1544.28,803.55
PROD_3313,26.52,33.47,21,2,1.6,1166.22,38.75
PROD_3314,189.78,225.56,18,7,4.6,1790.86,279.65
PROD_3315,536.11,618.96,60,4,5.0,590.13,776.36
PROD_3316,397.51,538.0,18,12,3.3,522.18,565.38
PROD_3317,24.14,31.66,1,2,4.1,1745.66,31.0
PROD_3318,647.51,874.27,14,11,4.4,1269.53,895.41
PROD_3319,622.79,761.83,8,12,3.8,52.82,806.62
PROD_3320,447.77,490.67,66,12,1.2,738.61,644.33
PROD_3321,71.84,92.94,51,8,1.6,1722.82,98.95
PROD_3322,617.88,693.34,79,4,1.3,103.27,788.56
PROD_3323,475.3,572.46,60,4,1.0,56.33,594.61
PROD_3324,629.93,675.76,34,2,2.2,598.46,797.57
PROD_3325,606.36,811.83,36,1,2.6,1832.3,827.95
PROD_3326,646.34,707.15,62,1,2.0,1807.88,895.96
PROD_3327,424.05,579.28,1,3,1.3,1061.59,485.02
PROD_3328,129.45,175.08,85,6,3.1,1128.81,176.19
PROD_3329,543.5,659.05,42,7,2.1,697.42,687.82
PROD_3330,503.97,660.47,1,9,4.2,525.29,598.06
PROD_3331,598.96,758.76,96,5,1.0,1639.68,790.87
PROD_3332,152.51,203.0,84,9,4.4,257.27,202.79
PROD_3333,172.08,206.69,54,8,4.8,1000.34,255.98
PROD_3334,714.52,946.76,47,1,3.9,1287.07,992.42
PROD_3335,604.98,733.15,100,11,3.9,252.18,903.52
PROD_3336,728.42,1004.73,39,12,4.7,1063.23,1015.05
PROD_3337,611.8,746.53,30,3,1.8,1176.17,2626.64
PROD_3338,485.78,588.73,7,8,5.0,1497.87,606.19
PROD_3339,530.22,702.43,22,9,4.1,507.93,777.29
PROD_3340,713.52,954.37,50,4,3.9,621.99,1051.24
PROD_3341,471.47,586.54,45,12,2.4,1160.57,636.74
PROD_3342,513.27,571.23,74,6,3.2,1967.1,770.61
PROD_3343,142.05,172.41,72,4,3.6,474.11,187.49
PROD_3344,389.66,,91,9,3.5,1972.51,532.39
PROD_3345,578.79,760.27,10,2,3.8,1442.97,811.05
PROD_3346,231.34,308.58,14,6,1.3,1660.86,276.77
PROD_3347,177.76,188.69,46,11,2.4,224.8,250.34
PROD_3348,264.78,321.38,75,3,2.7,635.82,381.5
PROD_3349,208.37,265.95,6,10,2.0,162.59,274.74
PROD_3350,187.63,251.52,21,4,1.7,774.52,272.24
PROD_3351,351.38,375.01,62,2,1.6,1963.51,530.3
PROD_3352,728.11,981.76,97,11,2.5,255.28,1175.9
PROD_3353,415.51,516.03,19,8,3.0,1146.63,523.88
PROD_3354,166.58,186.41,88,10,1.3,61.84,214.68
PROD_3355,80.04,92.93,82,8,4.8,1439.73,124.14
PROD_3356,563.0,646.71,99,1,4.1,434.53,884.88
PROD_3357,318.58,393.71,62,10,3.9,302.69,436.32
PROD_3358,661.03,706.04,83,6,1.7,707.18,1047.25
PROD_3359,534.42,590.79,53,1,3.4,1553.54,696.46
PROD_3360,641.07,855.47,24,6,3.1,257.9,804.09
PROD_3361,232.12,254.5,56,7,,498.19,300.48
PROD_3362,560.04,633.79,62,2,4.0,66.51,768.43
PROD_3363,225.97,273.12,34,9,3.3,1938.41,331.89
PROD_3364,752.47,926.29,22,8,4.4,1204.68,1002.17
PROD_3365,516.37,680.2,68,9,1.6,1453.8,793.08
PROD_3366,273.12,329.54,57,10,1.1,1320.2,375.62
PROD_3367,230.22,305.37,10,4,3.8,331.51,298.15
PROD_3368,168.92,213.93,66,4,1.4,1210.13,248.55
PROD_3369,561.82,612.15,8,12,1.5,306.26,713.79
PROD_3370,190.6,210.56,97,8,4.0,832.41,288.92
PROD_3371,484.34,582.64,38,1,2.1,1159.48,207.55
PROD_3372,226.42,269.19,62,8,3.5,1139.82,299.39
PROD_3373,536.34,702.73,28,7,4.7,282.19,721.04
PROD_3374,655.65,821.7,10,12,2.3,117.15,970.77
PROD_3375,626.86,743.36,45,7,1.9,1606.56,892.87
PROD_3376,613.46,680.8,65,9,1.4,1465.55,883.7
PROD_3377,166.42,187.96,98,10,1.5,209.55,250.95
PROD_3378,88.94,111.3,67,7,1.2,298.46,115.57
PROD_3379,565.18,677.2,9,2,1.4,1790.54,803.84
PROD_3380,307.31,378.06,5,1,2.7,1549.8,401.0
PROD_3381,357.23,396.43,10,1,2.3,1992.51,447.29
PROD_3382,44.3,56.79,12,7,3.8,545.28,56.8
PROD_3383,222.47,299.98,82,5,4.5,1001.22,316.45
PROD_3384,46.27,52.76,58,4,4.1,511.1,59.65
PROD_3385,705.76,862.47,21,5,3.1,1264.46,887.79
PROD_3386,209.85,291.99,21,10,1.4,275.06,250.94
PROD_3387,454.72,530.5,65,10,3.8,298.12,644.43
PROD_3388,50.4,63.42,3,6,2.5,190.18,65.63
PROD_3389,540.14,584.2,69,12,1.3,1402.49,825.01
PROD_3390,271.96,343.24,89,10,4.4,1013.44,382.73
PROD_3391,720.38,778.99,64,6,2.4,1254.58,1068.52
PROD_3392,712.73,987.66,49,1,1.9,1764.64,890.29
PROD_3393,273.73,355.98,72,2,4.5,1493.64,404.26
PROD_3394,722.75,958.26,17,3,4.6,950.36,912.06
PROD_3395,797.0,1033.26,73,4,2.4,1969.49,1133.2
PROD_3396,663.82,834.03,32,6,2.4,939.7,864.01
PROD_3397,679.0,819.87,70,12,3.3,269.28,1074.23
PROD_3398,214.23,289.3,21,12,3.9,1985.68,340.17
PROD_3399,469.83,650.66,7,11,1.3,94.5,671.06
PROD_3400,72.46,88.74,7,9,3.4,1122.27,87.15
PROD_3401,94.04,129.4,27,12,4.8,652.74,131.96
PROD_3402,799.14,1002.25,8,2,2.0,1031.93,1144.85
PROD_3403,274.78,340.3,73,8,4.6,1139.49,390.21
PROD_3404,603.58,729.77,28,9,4.8,518.19,898.35
PROD_3405,649.2,729.21,79,2,2.1,1135.87,908.2
PROD_3406,689.26,724.62,66,9,4.0,1524.32,1076.39
PROD_3407,798.15,905.52,71,7,2.0,569.69,537.58
PROD_3408,208.37,255.96,47,9,4.0,797.68,300.56
PROD_3409,51.47,60.89,82,6,4.2,573.07,68.28
PROD_3410,340.73,411.25,86,2,2.0,1650.09,472.05
PROD_3411,121.46,169.23,10,8,3.9,1463.72,176.44
PROD_3412,37.49,43.96,33,10,4.2,1748.83,56.5
PROD_3413,301.13,363.85,7,9,2.4,381.6,348.43
PROD_3414,631.32,692.38,3,12,1.7,193.48,863.64
PROD_3415,461.62,,14,8,1.4,282.8,650.1
PROD_3416,263.97,348.8,44,2,3.3,363.99,364.82
PROD_3417,530.39,662.85,46,8,4.9,1089.51,800.29
PROD_3418,200.97,264.53,61,3,4.3,1943.28,313.74
PROD_3419,31.22,34.42,36,3,2.7,746.61,46.14
PROD_3420,616.2,770.33,13,9,3.1,1919.09,744.86
PROD_3421,506.52,576.81,16,9,2.1,124.49,613.43
PROD_3422,614.6,694.38,80,9,1.7,1857.4,815.16
PROD_3423,50.37,53.09,5,4,2.9,403.25,72.11
PROD_3424,672.95,737.3,89,12,2.9,1829.33,1078.49
PROD_3425,503.23,582.86,38,7,3.1,159.64,608.44
PROD_3426,459.45,501.22,50,8,4.8,1899.03,611.6
PROD_3427,507.2,707.57,38,5,,441.56,665.85
PROD_3428,694.26,803.97,56,1,3.4,640.29,1027.53
PROD_3429,477.81,523.5,63,9,1.5,1007.34,716.71
PROD_3430,473.14,529.77,48,6,5.0,792.41,688.71
PROD_3431,792.73,995.43,90,3,4.1,1351.68,1039.62
PROD_3432,610.25,654.44,59,3,4.5,1950.88,933.96
PROD_3433,364.99,493.41,77,10,2.7,1232.53,501.39
PROD_3434,571.77,792.77,44,1,3.0,1456.9,786.53
PROD_3435,323.6,367.73,90,8,3.1,221.61,420.47
PROD_3436,198.52,239.72,55,2,1.8,1274.23,241.48
PROD_3437,485.54,513.58,55,12,3.8,935.01,650.87
PROD_3438,743.98,948.02,1,1,4.6,1777.28,1007.89
PROD_3439,744.73,889.86,8,7,1.7,807.01,985.88
PROD_3440,286.69,328.12,4,11,1.3,1374.94,361.67
PROD_3441,431.59,484.41,85,9,4.0,494.9,591.0
PROD_3442,185.08,236.7,86,6,2.1,555.78,279.47
PROD_3443,796.59,952.47,53,8,3.5,783.44,1005.36
PROD_3444,785.27,873.91,58,8,3.8,642.92,1014.55
PROD_3445,526.62,679.96,37,9,2.3,545.06,692.23
PROD_3446,647.44,807.86,49,7,4.3,146.85,965.93
PROD_3447,577.78,780.31,67,9,3.2,1681.66,775.24
PROD_3448,482.66,526.64,19,9,4.5,175.39,727.86
PROD_3449,61.61,81.63,1,12,4.1,1780.36,87.03
PROD_3450,374.72,481.78,29,11,4.5,294.66,535.08
PROD_3451,546.33,595.64,87,1,1.1,177.26,700.68
PROD_3452,548.47,709.28,33,6,2.0,1147.86,758.53
PROD_3453,311.04,374.66,52,12,1.4,1029.76,433.07
PROD_3454,754.52,1041.8,41,8,2.8,1007.91,1085.16
PROD_3455,150.54,165.53,23,10,4.6,1170.28,189.65
PROD_3456,410.28,523.1,5,9,2.9,609.76,522.57
PROD_3457,558.89,661.55,71,4,4.4,1342.75,851.13
PROD_3458,563.77,780.75,57,2,2.3,1029.68,816.3
PROD_3459,525.94,612.98,6,11,2.4,702.75,685.05
PROD_3460,234.72,325.51,49,9,4.6,1661.68,340.46
PROD_3461,141.84,193.69,22,9,2.7,1469.06,196.83
PROD_3462,516.03,590.67,77,12,4.2,817.54,731.13
PROD_3463,487.46,648.92,76,8,1.9,1702.85,694.56
PROD_3464,159.9,223.61,4,3,4.8,1844.5,203.34
PROD_3465,570.01,648.92,72,5,3.3,1096.89,811.13
PROD_3466,375.03,451.12,64,2,4.0,469.16,548.26
PROD_3467,540.85,666.37,37,3,1.4,1835.79,680.01
PROD_3468,673.15,776.29,31,1,3.0,419.49,817.47
PROD_3469,152.39,160.82,37,4,4.6,144.43,197.1
PROD_3470,34.93,39.37,45,5,4.5,688.6,51.28
PROD_3471,627.7,721.03,90,12,1.2,1467.58,1004.27
PROD_3472,495.56,597.28,8,2,2.2,1850.38,592.39
PROD_3473,565.72,627.88,40,3,2.8,1292.71,786.21
PROD_3474,673.76,913.38,97,12,1.7,1906.09,1002.73
PROD_3475,646.19,837.93,93,6,3.9,230.12,939.73
PROD_3476,769.52,830.94,5,6,,168.47,985.27
PROD_3477,438.03,559.6,28,7,2.4,1228.17,2044.3
PROD_3478,401.03,512.82,81,12,3.7,1933.93,579.45
PROD_3479,333.47,461.75,87,9,2.9,1030.31,488.72
PROD_3480,139.88,147.02,9,4,4.0,150.45,194.9
PROD_3481,466.63,530.46,2,5,4.8,481.38,651.01
PROD_3482,236.07,324.53,63,11,1.5,527.35,339.99
PROD_3483,738.62,1016.52,96,2,3.8,708.82,1122.73
PROD_3484,474.89,618.4,51,6,1.9,135.03,622.34
PROD_3485,482.42,635.83,31,4,2.7,1814.54,664.58
PROD_3486,296.84,321.19,7,5,1.1,1055.35,416.45
PROD_3487,60.55,74.47,30,7,1.5,1358.32,89.43
PROD_3488,44.76,50.63,58,6,2.3,180.99,62.06
PROD_3489,350.2,389.92,3,8,,155.53,433.02
PROD_3490,85.96,114.64,51,6,4.6,1193.61,127.0
PROD_3491,493.34,541.32,56,10,4.0,1780.23,630.86
PROD_3492,707.16,858.51,73,8,4.9,1080.54,943.31
PROD_3493,708.67,976.91,10,4,3.4,1761.75,995.84
PROD_3494,534.06,595.49,61,12,2.0,1631.43,756.29
PROD_3495,184.76,257.24,50,7,2.3,197.91,273.54
PROD_3496,693.14,969.01,47,3,2.3,443.82,931.87
PROD_3497,711.15,885.01,90,1,2.3,1332.54,1011.75
PROD_3498,173.39,192.38,1,9,3.7,914.83,234.19
PROD_3499,595.19,690.8,94,9,3.1,616.86,907.92
PROD_3500,243.49,291.83,57,6,2.5,866.34,338.58
PROD_3501,646.06,748.31,38,2,1.6,918.14,811.66
PROD_3502,797.85,916.1,62,8,1.1,1825.58,1166.22
PROD_3503,43.42,60.37,79,10,1.9,251.74,58.5
PROD_3504,719.95,794.59,89,6,,595.47,934.47
PROD_3505,505.65,660.72,70,7,4.1,1098.25,753.33
PROD_3506,779.24,818.31,82,1,,1411.66,971.85
PROD_3507,382.71,481.7,65,3,3.9,1279.74,594.49
PROD_3508,680.96,933.31,62,1,2.5,1886.2,978.88
PROD_3509,68.67,79.02,56,10,1.3,1601.44,106.23
PROD_3510,281.52,313.87,67,1,4.3,1136.3,394.62
PROD_3511,72.27,92.37,17,12,3.3,468.63,111.93
PROD_3512,780.77,1014.54,8,12,1.9,929.2,999.05
PROD_3513,657.24,848.37,60,11,4.6,1402.1,917.46
PROD_3514,684.99,795.79,40,1,1.2,1684.03,813.77
PROD_3515,751.61,855.54,81,4,1.8,1921.49,1076.31
PROD_3516,86.38,119.6,89,7,4.0,1230.63,114.76
PROD_3517,320.77,440.46,62,7,3.8,1077.49,451.51
PROD_3518,75.41,91.25,41,12,2.2,84.5,103.06
PROD_3519,184.42,248.26,12,5,1.2,190.59,220.14
PROD_3520,198.91,240.34,93,12,4.4,354.4,318.81
PROD_3521,385.9,462.52,89,6,2.3,156.78,509.97
PROD_3522,229.48,253.54,100,2,1.8,831.68,348.22
PROD_3523,98.76,118.44,54,5,3.1,706.91,139.11
PROD_3524,150.64,186.51,89,7,4.6,1292.84,238.57
PROD_3525,134.87,142.68,93,9,1.2,1094.55,189.86
PROD_3526,779.0,939.04,11,6,4.1,1212.14,1151.58
PROD_3527,612.25,810.29,60,12,3.3,970.36,463.56
PROD_3528,774.85,998.02,68,10,2.7,591.59,1192.33
PROD_3529,363.0,461.84,78,4,4.0,1908.01,473.67
PROD_3530,237.13,324.47,46,3,4.9,218.5,341.38
PROD_3531,642.67,678.86,38,9,1.9,1880.84,941.86
PROD_3532,274.48,341.72,61,7,1.6,656.91,336.49
PROD_3533,253.52,336.06,17,11,4.7,1049.69,368.34
PROD_3534,201.35,249.57,66,6,3.7,262.24,297.79
PROD_3535,121.15,140.94,72,7,2.8,188.32,169.91
PROD_3536,220.04,241.54,36,8,3.3,887.61,274.93
PROD_3537,297.15,404.32,74,5,4.0,1496.31,438.9
PROD_3538,545.72,662.92,7,3,4.1,575.26,640.03
PROD_3539,68.8,93.39,100,3,4.7,1146.58,108.32
PROD_3540,184.2,231.17,16,2,2.7,593.37,218.6
PROD_3541,651.04,837.21,14,8,2.2,807.8,782.14
PROD_3542,134.6,179.22,80,1,3.6,1817.57,188.43
PROD_3543,287.26,367.9,25,12,2.7,1718.89,429.46
PROD_3544,694.43,825.9,4,8,3.4,1056.23,1001.19
PROD_3545,140.84,173.2,29,3,2.7,514.31,171.51
PROD_3546,84.53,112.52,56,9,1.6,426.71,107.23
PROD_3547,397.94,469.88,6,12,2.9,1910.47,563.34
PROD_3548,255.89,303.44,1,12,3.8,445.3,388.95
PROD_3549,459.46,497.82,39,11,4.2,1625.93,682.37
PROD_3550,646.97,886.41,1,2,3.0,769.49,810.14
PROD_3551,126.98,137.37,63,10,1.7,1972.04,182.92
PROD_3552,472.95,603.89,57,9,,767.9,603.89
PROD_3553,414.3,494.93,67,6,4.1,735.46,566.07
PROD_3554,132.38,157.79,65,1,2.7,1293.05,180.32
PROD_3555,506.72,,65,5,3.8,1924.96,762.62
PROD_3556,233.44,250.59,21,10,3.0,1953.61,352.71
PROD_3557,400.51,503.76,30,9,2.0,1429.05,580.58
PROD_3558,84.17,111.13,96,6,4.2,1521.48,121.61
PROD_3559,378.48,507.11,33,7,1.3,1148.63,501.39
PROD_3560,259.04,287.45,48,4,3.1,1523.76,333.44
PROD_3561,661.46,902.29,22,1,1.8,1726.57,921.43
PROD_3562,64.44,82.47,94,5,1.3,997.89,94.11
PROD_3563,346.51,470.79,54,2,3.0,1258.73,544.0
PROD_3564,377.58,460.59,4,8,3.0,1097.77,454.39
PROD_3565,585.5,,87,4,3.8,1146.82,883.95
PROD_3566,467.94,641.86,55,1,4.0,1785.59,683.19
PROD_3567,540.43,737.66,44,10,3.9,743.45,694.71
PROD_3568,626.1,755.61,89,7,2.6,455.96,910.69
PROD_3569,692.52,793.66,12,12,3.5,939.75,1100.03
PROD_3570,264.82,314.51,81,11,3.3,455.77,435.04
PROD_3571,439.66,521.31,79,2,2.7,1021.88,661.68
PROD_3572,675.28,776.85,74,3,3.4,1811.84,897.18
PROD_3573,791.77,905.79,99,9,4.8,1254.0,1229.89
PROD_3574,713.83,964.64,52,9,1.8,1718.09,1014.07
PROD_3575,309.74,332.81,93,2,4.6,374.07,424.37
PROD_3576,172.23,221.69,76,3,1.2,1806.7,219.56
PROD_3577,401.73,446.11,65,11,2.2,1223.48,559.93
PROD_3578,598.48,700.57,65,12,2.2,111.93,803.74
PROD_3579,404.2,433.12,10,9,3.5,1284.58,579.97
PROD_3580,396.88,454.23,18,1,1.5,1905.22,504.08
PROD_3581,673.82,888.73,47,2,4.5,204.38,792.43
PROD_3582,301.89,410.5,66,11,4.3,1185.79,445.88
PROD_3583,690.64,778.72,49,2,3.6,1835.18,958.37
PROD_3584,337.31,408.9,72,10,2.8,68.91,438.18
PROD_3585,276.02,335.26,22,3,4.7,1280.28,323.63
PROD_3586,374.11,507.2,86,10,4.3,976.06,510.38
PROD_3587,614.71,809.56,26,3,3.0,726.63,864.67
PROD_3588,118.28,145.44,90,10,3.8,1273.7,482.09
PROD_3589,173.21,222.53,9,2,3.3,152.77,225.26
PROD_3590,762.13,1026.26,21,8,3.4,1518.47,968.26
PROD_3591,156.88,165.25,95,8,2.3,58.73,203.67
PROD_3592,462.83,551.23,63,8,2.8,648.52,638.72
PROD_3593,471.87,645.29,6,2,1.3,1032.72,564.52
PROD_3594,401.91,526.14,14,9,2.4,785.19,493.58
PROD_3595,522.9,648.39,33,11,3.8,649.58,755.38
PROD_3596,199.26,246.17,71,7,4.8,1670.13,278.1
PROD_3597,451.08,528.54,24,12,4.9,1872.92,707.53
PROD_3598,310.3,382.34,73,5,3.2,1753.74,405.57
PROD_3599,536.1,,75,7,3.4,1068.74,817.66
PROD_3600,130.15,155.72,87,8,1.7,1774.12,201.44
PROD_3601,465.28,604.85,51,9,3.8,1845.68,690.57
PROD_3602,164.51,222.33,2,2,1.3,848.01,202.53
PROD_3603,237.34,262.06,15,6,2.1,602.72,333.98
PROD_3604,190.59,230.25,35,9,3.7,241.62,236.72
PROD_3605,162.61,193.97,36,6,2.2,984.23,203.76
PROD_3606,664.05,857.04,92,2,1.2,1895.28,846.96
PROD_3607,242.85,276.23,39,1,4.3,1143.77,363.86
PROD_3608,743.16,946.85,4,12,2.2,1351.75,992.22
PROD_3609,776.54,1053.86,64,3,1.3,270.12,1162.26
PROD_3610,465.58,557.0,74,11,1.3,329.86,656.13
PROD_3611,131.54,180.06,6,5,2.0,955.72,183.74
PROD_3612,312.15,436.26,57,7,1.7,1904.97,477.84
PROD_3613,642.23,698.19,30,10,4.1,753.53,954.65
PROD_3614,306.56,346.9,99,10,2.3,1761.09,449.11
PROD_3615,87.87,121.5,74,3,4.2,284.56,134.95
PROD_3616,454.29,629.38,96,9,1.7,1253.18,721.39
PROD_3617,679.19,736.38,67,10,3.0,1221.2,919.27
PROD_3618,640.82,676.23,90,12,3.8,1726.76,993.07
PROD_3619,156.6,173.26,15,4,3.6,56.47,219.73
PROD_3620,544.76,761.9,17,10,3.4,420.37,684.81
PROD_3621,191.99,213.69,91,2,4.7,478.39,296.92
PROD_3622,190.2,233.17,18,3,1.9,1902.43,238.47
PROD_3623,701.78,945.25,19,5,3.0,349.7,933.81
PROD_3624,214.74,227.01,76,3,4.5,122.08,274.65
PROD_3625,225.33,284.27,88,5,1.3,1092.2,305.21
PROD_3626,20.51,23.52,69,4,1.2,1080.69,27.15
PROD_3627,699.12,945.08,24,11,1.9,1695.89,1083.51
PROD_3628,638.22,733.45,91,10,3.5,1900.28,880.72
PROD_3629,509.32,657.2,48,3,2.0,1100.16,757.22
PROD_3630,605.21,778.28,30,12,,1863.49,926.2
PROD_3631,138.6,156.27,15,6,2.8,1464.06,186.34
PROD_3632,377.49,400.96,47,8,3.5,565.89,493.67
PROD_3633,293.95,350.75,44,12,2.0,1860.42,410.21
PROD_3634,93.15,107.23,98,4,2.2,1351.51,132.43
PROD_3635,399.18,532.17,27,9,3.5,857.49,477.03
PROD_3636,738.18,981.87,84,6,4.8,1376.47,1068.01
PROD_3637,51.25,62.01,64,5,3.7,832.56,78.18
PROD_3638,247.34,312.21,41,3,4.1,272.66,313.55
PROD_3639,181.88,229.44,96,5,2.5,1452.01,269.6
PROD_3640,205.75,275.61,68,5,,1656.97,322.44
PROD_3641,728.58,873.38,5,12,2.8,1471.17,1122.22
PROD_3642,385.09,441.47,53,12,4.2,496.77,610.45
PROD_3643,383.71,438.49,8,4,2.8,1915.44,542.76
PROD_3644,613.25,759.0,22,12,4.4,99.25,845.38
PROD_3645,140.5,,7,6,5.0,698.74,201.48
PROD_3646,400.07,481.7,22,3,,557.18,273.66
PROD_3647,355.39,384.49,46,10,1.2,143.85,468.7
PROD_3648,485.59,632.0,30,1,1.6,841.17,634.41
PROD_3649,799.66,899.46,16,7,2.5,1265.07,1007.93
PROD_3650,620.17,693.93,79,7,1.5,1770.98,861.16
PROD_3651,330.34,394.57,5,12,4.5,1979.89,452.07
PROD_3652,665.49,751.82,67,4,1.1,1625.77,968.52
PROD_3653,153.15,192.11,23,9,2.3,963.93,203.01
PROD_3654,43.76,51.64,61,12,,1461.22,64.91
PROD_3655,179.47,216.64,74,2,4.7,1695.07,237.05
PROD_3656,285.52,353.48,5,1,3.7,957.35,1274.31
PROD_3657,418.25,468.96,23,3,4.6,1580.86,532.58
PROD_3658,499.8,552.04,79,7,4.9,991.17,658.21
PROD_3659,730.27,991.82,82,9,3.0,803.67,1064.54
PROD_3660,417.69,501.98,25,2,1.9,1075.88,554.75
PROD_3661,411.0,490.82,8,6,1.8,1367.92,497.65
PROD_3662,59.19,62.89,95,3,1.9,1467.42,83.43
PROD_3663,47.23,57.82,21,5,3.8,745.64,68.45
PROD_3664,449.9,559.66,2,12,1.2,1164.07,629.6
PROD_3665,361.78,450.63,22,9,1.2,1824.25,475.95
PROD_3666,674.56,875.22,72,3,3.4,1953.81,912.65
PROD_3667,145.33,161.62,87,1,3.6,493.13,212.27
PROD_3668,39.48,44.94,96,5,3.7,426.02,61.97
PROD_3669,370.25,493.82,72,1,2.5,1369.54,542.09
PROD_3670,205.23,283.53,68,8,4.2,858.63,307.35
PROD_3671,58.7,64.43,64,7,3.1,97.23,82.19
PROD_3672,585.19,716.37,94,11,1.4,726.38,929.2
PROD_3673,107.04,120.42,19,2,4.2,1623.15,156.88
PROD_3674,494.49,529.61,87,11,4.8,1604.98,824.27
PROD_3675,239.22,278.43,82,9,1.2,1014.64,358.74
PROD_3676,155.33,170.9,53,5,2.6,971.53,216.16
PROD_3677,316.21,410.59,93,7,3.0,1180.04,502.1
PROD_3678,645.13,797.9,87,4,1.6,477.82,907.67
PROD_3679,325.83,358.53,97,12,4.5,1075.79,554.7
PROD_3680,605.6,637.84,52,1,2.1,71.54,735.6
PROD_3681,117.88,157.12,47,8,4.1,977.34,164.14
PROD_3682,622.76,692.3,82,1,3.7,705.3,930.8
PROD_3683,204.81,258.5,54,3,3.4,1366.0,268.87
PROD_3684,548.37,640.45,44,6,1.8,1294.79,763.73
PROD_3685,461.31,578.91,97,8,1.9,792.63,698.48
PROD_3686,744.73,864.25,7,8,1.2,64.18,902.98
PROD_3687,322.11,348.02,92,2,2.0,541.93,451.88
PROD_3688,71.61,80.78,1,9,2.4,1285.03,95.42
PROD_3689,34.94,38.99,63,4,4.3,191.13,48.23
PROD_3690,664.95,797.81,98,4,2.5,259.9,847.75
PROD_3691,429.29,549.67,39,2,4.0,1311.72,1383.86
PROD_3692,624.69,713.6,19,1,2.8,1523.75,767.69
PROD_3693,202.85,213.85,31,10,4.1,677.02,261.09
PROD_3694,289.17,356.14,77,7,4.9,1004.86,396.56
PROD_3695,43.48,54.87,24,11,2.0,1894.14,66.5
PROD_3696,769.96,1067.94,69,10,4.4,1893.81,1131.4
PROD_3697,540.94,679.59,87,3,3.5,649.63,826.92
PROD_3698,747.9,908.63,83,4,4.3,1629.48,995.34
PROD_3699,227.09,284.02,65,11,3.6,1208.19,346.76
PROD_3700,496.94,683.18,33,9,2.7,1952.19,653.25
PROD_3701,549.23,735.93,59,6,1.9,981.35,808.14
PROD_3702,267.69,311.33,33,1,1.3,1560.68,384.85
PROD_3703,681.53,772.19,32,9,3.1,1547.87,1001.5
PROD_3704,758.79,866.47,59,9,5.0,1019.99,967.72
PROD_3705,710.19,871.08,92,5,4.0,1601.48,1077.54
PROD_3706,596.47,781.63,41,8,2.3,559.03,835.25
PROD_3707,236.42,289.88,12,7,4.3,288.39,164.39
PROD_3708,239.66,257.33,73,11,4.1,879.07,370.04
PROD_3709,771.42,1005.36,11,8,2.1,1890.08,1010.46
PROD_3710,28.02,37.33,97,9,1.1,1026.45,36.14
PROD_3711,578.52,666.06,19,2,1.5,1288.76,804.61
PROD_3712,570.87,732.11,54,10,,1267.12,783.98
PROD_3713,505.7,606.49,57,5,4.3,308.52,625.96
PROD_3714,792.28,1078.45,42,8,2.2,811.08,962.0
PROD_3715,263.27,354.31,98,3,2.1,1428.53,420.01
PROD_3716,285.18,351.88,71,11,4.2,1945.38,437.38
PROD_3717,81.57,105.39,31,11,4.8,377.63,127.85
PROD_3718,365.38,496.62,52,6,4.1,850.36,562.16
PROD_3719,223.62,273.6,2,6,3.4,235.43,316.04
PROD_3720,287.84,333.79,83,7,2.0,522.63,443.27
PROD_3721,670.97,881.5,38,11,3.1,784.68,1036.49
PROD_3722,749.68,844.9,32,3,1.9,1104.25,979.61
PROD_3723,164.87,195.54,10,8,4.2,499.61,204.74
PROD_3724,310.56,420.18,8,8,2.5,493.75,429.19
PROD_3725,744.33,970.27,90,9,4.3,1566.77,1109.41
PROD_3726,68.21,81.26,94,8,2.5,1927.15,90.94
PROD_3727,92.04,103.56,75,3,4.3,681.05,138.53
PROD_3728,146.98,172.64,20,6,2.3,1391.58,202.77
PROD_3729,484.27,556.63,20,9,2.8,553.26,314.24
PROD_3730,137.37,152.7,9,1,3.5,1859.51,189.78
PROD_3731,775.1,1015.51,72,3,1.3,1362.16,1060.94
PROD_3732,368.44,419.36,15,2,4.8,1615.22,484.66
PROD_3733,411.18,497.1,98,12,3.3,146.24,632.75
PROD_3734,212.39,251.7,88,8,3.0,1217.09,342.33
PROD_3735,387.35,539.86,97,6,4.4,1078.84,532.25
PROD_3736,536.29,636.52,63,10,4.5,621.34,745.25
PROD_3737,605.92,653.18,91,11,3.1,561.74,943.73
PROD_3738,608.02,657.53,21,11,4.7,1181.05,882.18
PROD_3739,470.76,591.63,5,8,1.3,1427.65,566.05
PROD_3740,725.4,913.84,35,2,1.5,114.69,918.65
PROD_3741,657.58,786.84,85,11,3.4,1156.43,948.46
PROD_3742,610.5,733.3,68,6,2.4,382.4,826.61
PROD_3743,63.37,67.74,48,7,2.9,323.71,94.19
PROD_3744,25.36,31.22,80,8,2.3,1265.08,35.89
PROD_3745,185.71,227.8,95,9,2.6,656.2,255.51
PROD_3746,537.55,592.56,90,5,4.3,909.72,742.31
PROD_3747,340.73,,62,11,3.4,752.0,468.31
PROD_3748,333.88,365.01,35,3,5.0,1314.26,508.25
PROD_3749,709.98,770.58,70,2,4.1,966.73,997.9
PROD_3750,718.54,907.8,97,8,2.1,1928.74,1147.99
PROD_3751,729.16,815.76,21,1,2.1,737.15,942.37
PROD_3752,264.82,301.37,80,10,2.3,1493.55,410.5
PROD_3753,559.02,620.94,39,6,4.4,551.72,709.66
PROD_3754,231.87,321.2,34,2,1.1,1042.07,280.28
PROD_3755,168.68,227.56,15,3,1.9,1127.51,199.6
PROD_3756,164.01,185.45,6,8,4.6,691.76,222.72
PROD_3757,286.84,334.07,66,1,3.6,969.97,392.56
PROD_3758,355.37,399.24,88,6,1.9,594.59,494.22
PROD_3759,668.14,816.57,56,3,1.9,61.7,990.6
PROD_3760,113.52,119.97,49,6,4.5,470.51,147.15
PROD_3761,593.24,762.3,92,3,4.6,1415.13,824.04
PROD_3762,434.53,535.83,1,11,2.0,1553.38,655.99
PROD_3763,244.6,333.76,65,11,2.7,596.4,364.97
PROD_3764,404.4,447.89,28,8,4.3,845.68,578.8
PROD_3765,253.95,338.13,100,5,4.1,122.86,355.56
PROD_3766,484.94,643.61,20,4,4.3,512.27,620.76
PROD_3767,358.4,392.27,48,9,3.1,1569.48,468.13
PROD_3768,148.24,176.33,72,5,4.6,1231.67,230.75
PROD_3769,110.93,123.09,65,12,2.3,451.25,172.3
PROD_3770,446.42,508.54,90,4,1.6,552.01,705.84
PROD_3771,723.88,826.77,51,8,3.8,1642.76,979.59
PROD_3772,288.29,358.83,43,8,3.2,457.71,434.29
PROD_3773,591.74,706.53,49,8,4.4,701.61,796.51
PROD_3774,533.76,737.49,25,4,1.3,1345.5,698.74
PROD_3775,746.61,816.97,74,1,4.4,1144.17,1146.47
PROD_3776,660.37,918.43,76,2,2.2,948.7,834.95
PROD_3777,461.95,522.34,41,4,3.6,1804.5,608.72
PROD_3778,532.48,703.15,71,10,1.2,478.44,712.73
PROD_3779,720.74,842.29,64,2,,1495.77,1097.23
PROD_3780,331.62,364.81,61,11,3.9,360.17,483.05
PROD_3781,274.9,371.19,12,10,2.5,1250.68,352.78
PROD_3782,28.43,32.93,81,3,1.9,1747.72,44.16
PROD_3783,664.71,851.23,69,9,3.2,942.91,919.68
PROD_3784,644.76,804.83,14,9,4.3,1462.37,821.68
PROD_3785,101.47,123.3,34,11,2.3,1649.77,151.56
PROD_3786,469.95,575.0,48,9,2.0,315.25,667.27
PROD_3787,381.91,498.88,61,7,2.1,1426.36,488.38
PROD_3788,112.59,121.68,81,4,4.8,1843.69,168.3
PROD_3789,784.84,1007.63,35,1,2.4,1173.92,925.56
PROD_3790,187.46,255.61,65,3,1.0,412.94,257.09
PROD_3791,72.44,77.53,59,8,4.1,297.54,94.1
PROD_3792,483.98,532.01,36,4,3.8,556.48,636.63
PROD_3793,596.32,775.7,79,10,1.5,251.85,820.98
PROD_3794,45.31,54.51,19,10,4.9,1051.12,66.92
PROD_3795,533.8,635.88,42,2,3.4,185.92,758.71
PROD_3796,435.19,477.81,69,8,3.0,485.64,678.99
PROD_3797,100.55,123.41,19,7,2.5,907.83,139.02
PROD_3798,154.57,169.14,39,11,4.6,974.13,203.28
PROD_3799,463.02,563.41,69,10,2.0,1152.53,602.21
PROD_3800,251.16,330.84,52,9,2.1,1425.95,385.13
PROD_3801,751.89,857.45,12,2,1.5,142.1,962.75
PROD_3802,658.62,802.38,83,5,4.0,207.21,1030.15
PROD_3803,787.18,1099.86,47,6,3.4,168.68,1025.16
PROD_3804,222.54,287.15,76,2,3.4,875.14,1026.04
PROD_3805,776.38,1043.83,36,2,1.9,131.6,980.11
PROD_3806,356.36,,63,10,3.6,1504.86,488.26
PROD_3807,291.06,383.84,76,4,4.1,484.85,386.02
PROD_3808,59.27,63.08,82,8,2.4,1881.46,84.47
PROD_3809,61.16,66.85,51,11,4.2,998.49,94.47
PROD_3810,559.77,627.54,43,5,2.4,920.34,736.78
PROD_3811,377.18,449.11,34,9,4.0,1572.05,481.55
PROD_3812,196.69,264.74,97,4,1.1,1440.65,289.88
PROD_3813,498.9,584.3,49,3,3.2,1234.25,698.17
PROD_3814,217.23,277.86,18,10,4.9,1873.54,307.7
PROD_3815,470.55,610.9,61,8,4.9,873.41,666.36
PROD_3816,300.18,376.78,57,1,2.1,1626.64,447.85
PROD_3817,662.37,778.31,93,9,2.8,791.18,947.79
PROD_3818,660.14,826.48,5,4,1.3,1684.77,953.94
PROD_3819,392.33,,89,11,4.5,555.98,611.41
PROD_3820,293.64,316.94,24,9,3.3,614.07,380.37
PROD_3821,302.8,423.15,93,8,2.5,1371.85,422.77
PROD_3822,648.46,709.75,64,3,1.5,464.79,902.2
PROD_3823,275.98,296.77,59,3,4.8,496.85,391.68
PROD_3824,183.07,248.51,38,9,3.1,645.26,255.83
PROD_3825,86.06,99.45,33,3,2.1,1373.91,108.75
PROD_3826,384.02,490.63,10,4,2.4,1784.31,518.17
PROD_3827,396.06,461.47,37,9,2.1,1365.41,563.5
PROD_3828,675.91,802.31,97,12,3.4,1664.24,1089.26
PROD_3829,192.57,219.86,87,4,4.7,1109.94,883.21
PROD_3830,317.17,371.11,11,11,4.4,184.4,510.06
PROD_3831,650.56,776.6,24,3,2.8,245.91,846.83
PROD_3832,662.43,862.58,88,7,4.3,1131.06,868.06
PROD_3833,320.0,393.29,71,6,2.7,689.21,476.01
PROD_3834,378.12,521.89,21,1,2.0,480.11,471.99
PROD_3835,256.56,273.15,20,10,4.9,959.2,359.51
PROD_3836,747.39,916.36,10,8,2.2,1349.67,937.66
PROD_3837,112.54,141.18,89,1,2.3,800.73,64.13
PROD_3838,748.32,1026.75,47,4,5.0,1614.96,975.34
PROD_3839,553.42,590.61,100,6,1.5,1490.12,762.3
PROD_3840,434.63,543.6,47,6,4.0,1483.08,565.07
PROD_3841,45.47,61.33,15,7,4.7,1971.12,58.72
PROD_3842,390.97,443.62,44,11,3.0,625.7,606.37
PROD_3843,338.04,458.62,62,12,1.0,1307.21,547.71
PROD_3844,145.75,154.01,6,5,2.5,1718.18,204.56
PROD_3845,532.0,694.98,66,5,1.4,1180.07,811.69
PROD_3846,777.5,1070.3,76,4,2.7,1589.53,1090.66
PROD_3847,458.51,586.9,4,6,4.2,858.18,657.69
PROD_3848,577.51,695.12,23,7,2.8,1201.46,783.16
PROD_3849,73.39,78.21,13,10,2.7,158.55,96.04
PROD_3850,345.78,474.42,81,10,3.2,1972.25,520.17
PROD_3851,110.76,134.53,31,1,3.3,1610.04,147.54
PROD_3852,497.98,527.93,16,9,4.4,1744.18,710.42
PROD_3853,752.02,971.18,41,8,2.2,1403.87,1008.18
PROD_3854,536.19,653.42,90,7,4.3,412.8,730.95
PROD_3855,79.91,87.38,92,9,3.3,110.51,106.5
PROD_3856,296.64,333.72,1,3,2.2,1736.08,358.71
PROD_3857,449.52,482.14,12,10,2.2,822.84,647.82
PROD_3858,334.5,418.46,56,4,2.4,564.54,501.18
PROD_3859,670.24,849.67,50,7,3.5,1145.26,891.03
PROD_3860,655.44,804.24,20,6,1.9,870.75,820.2
PROD_3861,497.23,664.29,66,2,,1320.75,682.69
PROD_3862,311.3,420.67,36,2,3.3,993.4,441.06
PROD_3863,219.16,277.34,79,10,4.7,1409.6,124.79
PROD_3864,102.58,108.17,38,7,1.2,1714.18,151.93
PROD_3865,296.82,383.89,22,9,2.4,431.34,409.65
PROD_3866,342.27,409.46,61,11,1.1,692.39,547.82
PROD_3867,547.14,682.8,50,12,2.1,901.79,812.01
PROD_3868,533.36,681.2,96,9,4.4,1926.01,815.37
PROD_3869,74.68,87.57,59,7,1.1,762.4,103.93
PROD_3870,328.3,450.1,20,11,2.7,793.14,499.14
PROD_3871,161.79,177.46,36,8,1.5,1324.27,229.75
PROD_3872,142.31,182.88,97,10,2.7,867.44,209.57
PROD_3873,665.3,699.58,15,3,4.4,1904.89,924.3
PROD_3874,52.69,72.38,62,1,3.5,1794.21,81.15
PROD_3875,346.96,377.97,3,7,3.9,1051.15,501.39
PROD_3876,151.2,163.78,93,8,2.4,1307.31,228.37
PROD_3877,705.88,823.44,91,2,4.8,163.16,928.54
PROD_3878,454.49,536.64,5,9,3.8,1406.67,563.49
PROD_3879,200.48,225.54,56,4,2.7,1429.04,303.16
PROD_3880,411.89,516.84,31,10,2.7,750.44,498.37
PROD_3881,590.56,711.64,86,11,4.7,478.38,841.9
PROD_3882,767.33,814.88,35,9,3.3,1834.4,1035.44
PROD_3883,191.95,223.02,71,3,3.8,882.07,284.56
PROD_3884,711.22,948.52,70,8,2.7,1324.73,1035.27
PROD_3885,748.76,966.94,26,11,1.9,114.99,1018.92
PROD_3886,734.81,957.97,1,2,3.9,857.43,894.32
PROD_3887,515.62,667.39,83,3,3.4,1643.65,789.87
PROD_3888,511.26,592.47,7,1,3.0,805.77,746.31
PROD_3889,334.5,362.9,36,5,3.5,1226.16,400.62
PROD_3890,606.87,695.09,76,4,1.8,459.22,771.65
PROD_3891,434.41,582.6,84,1,4.2,862.23,643.87
PROD_3892,548.4,764.01,87,10,4.8,1858.89,837.83
PROD_3893,354.2,433.13,25,9,4.6,1154.58,502.82
PROD_3894,590.57,622.1,94,6,2.3,1808.77,892.83
PROD_3895,663.09,,59,6,2.6,1808.94,1013.14
PROD_3896,134.22,156.06,61,11,4.2,1891.09,198.18
PROD_3897,669.69,838.78,29,2,3.4,1796.01,333.0
PROD_3898,441.43,475.1,95,7,3.2,56.4,661.29
PROD_3899,678.84,936.92,18,12,4.7,1871.33,1054.23
PROD_3900,356.42,419.78,41,12,3.1,318.05,525.0
PROD_3901,315.65,432.25,19,9,3.1,127.86,448.72
PROD_3902,733.75,970.88,4,6,1.2,158.01,991.72
PROD_3903,215.91,283.8,65,11,1.3,730.39,324.02
PROD_3904,678.49,856.49,41,8,1.0,1260.57,874.64
PROD_3905,397.54,504.62,15,12,4.7,834.51,517.32
PROD_3906,420.99,536.05,54,5,2.6,99.83,611.48
PROD_3907,260.61,330.98,64,2,2.9,979.14,338.57
PROD_3908,466.97,580.82,72,4,4.4,912.15,597.06
PROD_3909,273.66,381.83,15,12,3.4,1525.86,428.75
PROD_3910,50.63,66.14,79,1,3.4,595.25,78.68
PROD_3911,232.16,306.9,50,1,2.2,474.19,298.19
PROD_3912,24.98,33.85,22,6,4.3,549.08,35.69
PROD_3913,783.12,881.38,18,2,1.7,642.29,928.52
PROD_3914,773.28,834.63,80,6,1.2,1218.37,1048.2
PROD_3915,328.22,400.11,2,1,1.8,969.47,428.81
PROD_3916,588.13,723.36,36,11,2.1,706.94,891.82
PROD_3917,289.73,388.3,20,10,2.1,779.91,344.08
PROD_3918,543.45,655.04,16,3,3.7,773.3,688.07
PROD_3919,648.24,810.16,67,9,1.9,1946.19,868.19
PROD_3920,758.47,936.31,30,2,3.7,504.34,1150.11
PROD_3921,332.17,353.22,55,8,1.4,1645.22,473.23
PROD_3922,630.97,798.39,66,6,1.6,1431.01,878.77
PROD_3923,227.42,304.71,99,12,3.0,60.86,318.61
PROD_3924,792.46,875.77,26,6,4.7,1986.69,1122.6
PROD_3925,40.1,50.45,57,7,4.4,1525.06,59.25
PROD_3926,490.75,617.25,69,5,4.9,1380.78,757.5
PROD_3927,534.41,591.85,2,12,3.6,840.38,690.58
PROD_3928,556.68,608.56,56,11,3.7,1132.65,894.62
PROD_3929,113.9,158.67,84,4,3.5,543.88,161.41
PROD_3930,752.05,893.29,62,6,3.5,119.19,990.34
PROD_3931,161.32,182.23,34,8,,1680.24,206.71
PROD_3932,505.75,561.36,98,4,3.2,1798.14,741.63
PROD_3933,193.69,248.63,56,5,2.5,366.82,283.89
PROD_3934,259.63,327.99,55,7,2.8,1584.76,381.2
PROD_3935,446.24,569.06,20,6,3.1,1495.25,623.23
PROD_3936,345.41,373.32,50,4,1.5,397.83,426.45
PROD_3937,144.98,197.56,25,4,2.4,872.57,178.82
PROD_3938,153.33,181.89,84,10,1.3,874.38,67.58
PROD_3939,346.15,401.43,25,4,4.9,1531.93,510.79
PROD_3940,610.68,740.04,53,1,1.5,1683.44,3104.94
PROD_3941,720.41,854.79,14,5,2.0,234.81,852.4
PROD_3942,85.62,115.78,60,8,4.6,1147.79,110.5
PROD_3943,326.62,449.18,43,7,2.9,1535.41,434.35
PROD_3944,98.19,113.53,62,5,1.5,1583.07,148.41
PROD_3945,32.94,44.55,76,3,2.5,338.59,47.01
PROD_3946,536.14,709.6,69,11,1.5,1074.74,774.67
PROD_3947,489.91,674.01,63,1,1.8,1722.24,670.24
PROD_3948,147.15,167.17,2,7,1.2,671.11,165.65
PROD_3949,202.37,253.36,54,11,2.8,878.98,301.76
PROD_3950,38.49,44.12,16,3,4.2,1618.5,17.77
PROD_3951,671.26,898.44,55,4,3.3,224.17,1036.59
PROD_3952,780.26,,94,5,3.4,1726.01,1136.58
PROD_3953,125.66,156.78,43,12,1.8,656.76,436.05
PROD_3954,200.55,234.39,61,8,2.4,52.83,286.25
PROD_3955,697.36,810.99,38,7,4.4,506.61,1006.41
PROD_3956,742.64,947.4,45,9,1.4,224.53,889.97
PROD_3957,347.31,468.18,51,11,4.4,230.15,548.65
PROD_3958,59.49,75.14,42,3,2.9,1401.03,86.65
PROD_3959,50.73,68.41,24,11,4.3,467.25,72.28
PROD_3960,467.68,534.38,30,10,2.3,1872.75,641.12
PROD_3961,326.46,402.14,37,1,2.4,1057.07,461.54
PROD_3962,42.35,51.14,53,1,4.0,947.19,61.09
PROD_3963,474.94,500.62,63,12,4.1,896.85,645.98
PROD_3964,28.82,35.87,11,10,1.9,1400.55,34.79
PROD_3965,634.15,812.68,78,1,4.9,931.91,848.26
PROD_3966,259.02,325.63,23,2,1.3,300.77,358.55
PROD_3967,51.4,67.22,80,2,1.3,1766.34,72.39
PROD_3968,478.91,598.63,50,7,3.4,885.37,665.31
PROD_3969,330.19,354.42,85,9,3.9,194.31,499.15
PROD_3970,779.56,850.31,55,8,4.8,1082.26,1079.33
PROD_3971,444.47,559.49,55,4,2.6,1312.33,648.69
PROD_3972,234.69,269.01,4,2,1.1,587.39,165.35
PROD_3973,573.36,618.01,97,3,3.4,1610.66,825.97
PROD_3974,231.76,278.2,54,10,2.2,1356.06,310.23
PROD_3975,725.31,902.29,61,5,2.7,1318.17,1103.86
PROD_3976,312.28,363.83,78,9,3.0,870.61,463.7
PROD_3977,448.9,584.53,83,8,1.3,1925.73,286.68
PROD_3978,59.45,75.81,5,12,2.9,584.67,90.24
PROD_3979,352.37,411.04,100,3,2.7,1176.53,545.43
PROD_3980,669.24,879.52,95,9,3.9,652.66,908.41
PROD_3981,648.41,828.04,18,10,3.6,1502.37,782.66
PROD_3982,194.97,248.22,44,3,1.7,143.19,244.15
PROD_3983,196.34,244.19,31,10,1.8,139.49,266.82
PROD_3984,657.5,692.99,94,12,2.0,1631.18,1043.71
PROD_3985,745.71,964.78,21,8,1.7,896.82,969.33
PROD_3986,94.38,111.52,47,1,3.6,715.3,129.47
PROD_3987,371.05,512.01,30,4,5.0,1234.68,469.99
PROD_3988,283.21,378.46,55,4,3.6,1418.7,354.07
PROD_3989,699.14,877.9,68,6,3.4,442.34,984.89
PROD_3990,85.15,96.92,69,12,2.6,411.59,122.89
PROD_3991,184.68,207.08,41,12,2.3,1918.39,275.65
PROD_3992,606.93,709.58,45,2,4.6,1199.85,928.13
PROD_3993,60.01,73.02,74,7,4.9,810.73,80.33
PROD_3994,404.18,466.27,91,5,3.0,1612.81,543.36
PROD_3995,364.84,448.84,80,10,2.2,1074.06,480.9
PROD_3996,280.83,311.13,30,6,4.1,521.24,369.96
PROD_3997,327.77,456.32,77,11,1.5,453.13,505.91
PROD_3998,433.35,471.39,100,6,4.1,823.88,623.33
PROD_3999,145.87,200.74,85,12,4.3,1726.8,228.44
PROD_4000,466.16,638.52,45,11,1.5,169.82,1682.65
PROD_4001,648.24,799.84,45,6,4.9,476.13,856.37
PROD_4002,612.93,799.08,79,10,4.9,1791.65,863.7
PROD_4003,140.04,168.42,84,12,4.7,287.38,216.71
PROD_4004,136.41,173.32,84,8,3.0,1277.77,178.34
PROD_4005,229.18,267.95,45,10,2.0,466.35,326.35
PROD_4006,301.64,348.51,55,4,3.3,1231.44,431.5
PROD_4007,338.6,424.05,59,10,2.7,797.05,441.02
PROD_4008,550.16,673.59,5,8,1.8,248.27,712.64
PROD_4009,64.21,80.45,32,9,2.7,1185.83,95.01
PROD_4010,47.04,54.12,6,4,3.7,1381.93,55.81
PROD_4011,325.69,383.8,94,1,1.3,1376.53,447.9
PROD_4012,563.79,608.53,26,3,2.3,1292.22,743.86
PROD_4013,170.88,182.55,37,1,1.1,1025.44,237.16
PROD_4014,520.37,592.55,13,7,4.0,1062.97,653.03
PROD_4015,222.67,239.59,93,12,3.6,1289.5,376.8
PROD_4016,711.15,772.53,69,1,1.3,1396.01,1034.21
PROD_4017,718.64,959.04,25,11,4.9,1327.01,1140.78
PROD_4018,251.88,267.91,13,4,1.1,1194.54,311.96
PROD_4019,199.4,255.35,88,1,3.4,353.89,302.06
PROD_4020,340.82,390.37,95,2,4.1,460.7,483.98
PROD_4021,207.61,281.33,20,11,4.2,557.44,954.26
PROD_4022,544.46,664.1,72,1,1.1,1843.34,829.81
PROD_4023,664.33,768.6,60,5,4.6,1530.82,878.01
PROD_4024,545.01,671.0,73,7,4.7,1128.09,849.0
PROD_4025,662.99,784.78,21,3,3.2,541.51,876.28
PROD_4026,329.65,411.24,61,8,2.9,266.24,504.08
PROD_4027,141.93,154.71,84,5,1.2,1802.58,202.46
PROD_4028,595.6,833.22,79,5,3.2,1790.7,903.83
PROD_4029,301.17,361.09,26,5,2.6,265.86,341.31
PROD_4030,543.59,637.02,54,8,4.1,1604.57,762.74
PROD_4031,231.1,300.1,42,2,2.6,920.96,336.97
PROD_4032,83.36,98.14,11,2,3.7,681.74,114.01
PROD_4033,794.21,1065.55,37,12,1.4,1491.25,1061.76
PROD_4034,141.84,171.48,11,8,,1247.94,181.48
PROD_4035,790.97,1029.72,27,9,1.6,1571.06,1011.16
PROD_4036,782.28,850.81,94,11,,194.94,1054.99
PROD_4037,639.18,860.42,83,12,3.2,671.24,2727.2
PROD_4038,534.35,698.66,34,10,4.2,672.67,781.99
PROD_4039,470.69,529.1,38,10,3.4,693.02,620.74
PROD_4040,695.56,765.71,61,2,3.3,1029.84,964.76
PROD_4041,245.76,285.26,87,4,3.7,601.88,388.96
PROD_4042,384.79,535.49,53,8,2.4,916.55,472.96
PROD_4043,503.12,573.51,65,2,2.4,767.17,724.23
PROD_4044,340.73,412.16,3,4,2.3,1483.83,482.43
PROD_4045,353.44,374.83,67,10,3.8,1226.83,524.64
PROD_4046,277.62,330.1,28,1,1.6,1324.58,389.06
PROD_4047,460.1,575.11,14,2,1.1,460.64,620.84
PROD_4048,683.45,945.61,52,7,3.4,684.73,850.87
PROD_4049,177.19,218.1,30,1,4.8,91.27,242.76
PROD_4050,748.86,1000.99,58,12,3.4,261.33,1167.64
PROD_4051,557.49,692.12,54,1,4.1,566.86,685.58
PROD_4052,662.15,704.71,69,2,3.7,177.65,347.84
PROD_4053,453.83,526.56,15,4,3.0,1225.13,640.86
PROD_4054,628.02,785.93,38,7,3.9,1996.35,921.59
PROD_4055,32.64,45.13,78,4,4.3,246.59,45.69
PROD_4056,658.34,889.21,14,5,1.9,1651.4,957.77
PROD_4057,51.31,57.97,57,4,2.3,281.69,73.25
PROD_4058,714.13,804.85,59,4,1.9,1356.33,1087.02
PROD_4059,793.73,889.3,8,9,2.8,1304.16,1177.43
PROD_4060,249.37,342.36,72,6,4.5,1810.3,355.12
PROD_4061,184.05,248.18,19,12,2.4,272.19,269.36
PROD_4062,616.98,815.16,32,3,2.5,665.12,860.19
PROD_4063,217.36,258.11,95,6,4.4,227.02,332.94
PROD_4064,695.14,852.61,29,7,3.1,844.4,989.41
PROD_4065,100.22,121.51,41,7,3.1,1827.61,126.93
PROD_4066,118.25,134.64,75,8,4.4,1573.97,161.52
PROD_4067,783.74,961.46,45,4,3.0,1459.66,1026.78
PROD_4068,545.59,578.7,13,1,3.7,1089.4,794.54
PROD_4069,680.57,746.0,27,6,1.3,1772.8,968.96
PROD_4070,272.98,371.33,19,8,1.7,926.41,356.97
PROD_4071,547.66,719.12,26,5,2.6,341.89,752.29
PROD_4072,483.51,579.25,53,3,3.0,1683.29,1888.47
PROD_4073,490.46,603.75,51,4,4.9,595.29,647.09
PROD_4074,552.38,651.53,37,8,4.9,154.59,680.63
PROD_4075,468.78,613.76,9,6,4.4,295.77,615.46
PROD_4076,354.67,469.75,92,5,2.3,1237.66,553.1
PROD_4077,235.22,309.82,96,9,,1233.81,367.43
PROD_4078,619.49,807.15,52,10,3.8,557.36,835.69
PROD_4079,196.49,220.38,54,3,2.6,1468.0,248.77
PROD_4080,560.04,654.28,3,7,3.8,1558.6,775.17
PROD_4081,202.0,245.32,96,9,1.1,1844.98,312.57
PROD_4082,507.76,591.93,69,11,1.6,1190.63,775.85
PROD_4083,602.72,792.11,8,11,4.3,1569.88,863.87
PROD_4084,190.6,222.1,14,12,3.6,1518.54,252.8
PROD_4085,66.76,73.32,3,4,2.5,552.73,94.14
PROD_4086,122.16,145.33,24,10,3.0,654.94,156.38
PROD_4087,492.68,686.29,13,10,4.6,983.04,635.93
PROD_4088,682.57,770.66,43,3,3.5,87.13,964.56
PROD_4089,55.1,69.66,29,1,2.6,629.93,81.17
PROD_4090,592.64,712.08,72,9,1.5,974.07,855.58
PROD_4091,286.23,307.66,51,1,2.2,260.74,399.12
PROD_4092,393.25,480.07,42,2,4.9,296.24,515.84
PROD_4093,744.51,964.71,31,9,2.7,953.31,895.04
PROD_4094,278.94,342.99,63,5,2.9,1475.38,369.63
PROD_4095,382.96,519.01,26,4,3.0,1675.81,529.36
PROD_4096,30.67,35.31,18,9,4.5,1115.31,37.88
PROD_4097,83.65,90.35,82,9,3.4,975.76,128.44
PROD_4098,221.7,305.46,57,2,3.8,799.35,294.03
PROD_4099,41.72,49.33,7,3,2.6,426.25,56.04
PROD_4100,512.47,641.48,48,12,1.1,335.8,737.14
PROD_4101,352.59,467.96,80,3,4.7,1594.2,522.52
PROD_4102,447.55,520.73,60,5,4.8,956.76,612.23
PROD_4103,156.22,203.19,33,3,,1591.12,234.65
PROD_4104,250.83,275.26,3,10,4.8,1422.96,330.63
PROD_4105,537.78,619.5,4,6,,428.1,722.97
PROD_4106,772.94,850.73,100,2,3.7,1045.1,1150.11
PROD_4107,59.33,79.14,4,6,4.4,915.83,72.48
PROD_4108,714.5,805.9,42,6,3.4,876.55,1000.41
PROD_4109,469.97,611.47,9,2,1.5,1108.01,639.68
PROD_4110,459.86,634.67,51,6,2.6,1965.06,717.07
PROD_4111,410.22,506.5,17,6,4.9,1635.16,599.39
PROD_4112,74.13,91.84,17,6,2.4,1812.24,93.89
PROD_4113,90.1,109.15,97,12,4.5,107.8,127.47
PROD_4114,488.71,568.89,20,5,1.4,323.66,607.52
PROD_4115,285.95,347.85,14,7,2.3,215.29,417.42
PROD_4116,735.47,927.41,22,12,2.4,563.3,954.38
PROD_4117,337.14,470.34,52,5,1.2,911.69,472.1
PROD_4118,131.76,181.59,27,11,1.5,1302.0,199.5
PROD_4119,577.48,780.61,43,1,1.8,1026.62,812.78
PROD_4120,248.82,338.69,3,12,4.4,1811.21,328.25
PROD_4121,429.87,521.75,88,9,1.3,1882.72,582.2
PROD_4122,564.31,722.38,94,3,2.2,368.87,814.68
PROD_4123,722.21,984.56,8,2,1.0,1713.18,853.77
PROD_4124,637.91,757.54,86,10,3.8,989.36,867.39
PROD_4125,547.56,759.26,89,6,3.5,933.99,723.14
PROD_4126,550.11,657.67,10,8,3.6,1580.63,749.32
PROD_4127,757.82,955.14,29,2,,231.62,964.41
PROD_4128,250.74,325.57,40,4,1.8,1770.86,331.74
PROD_4129,20.87,,65,2,3.9,1358.18,28.35
PROD_4130,232.12,263.6,21,12,4.2,1756.76,320.25
PROD_4131,189.96,249.06,24,12,1.6,1989.23,269.83
PROD_4132,536.23,660.79,73,9,2.9,1060.11,720.29
PROD_4133,514.3,588.35,60,10,2.0,231.86,730.85
PROD_4134,482.9,638.3,26,2,1.7,374.72,556.34
PROD_4135,32.67,40.62,9,10,3.9,681.06,46.96
PROD_4136,588.45,754.0,20,2,3.2,251.93,687.53
PROD_4137,272.35,316.75,56,5,1.9,1639.92,423.87
PROD_4138,538.74,656.43,99,12,2.2,628.89,888.15
PROD_4139,454.13,574.96,36,5,4.9,1952.98,661.52
PROD_4140,287.33,342.42,36,12,4.4,1420.05,460.66
PROD_4141,124.97,139.89,73,7,4.5,388.19,159.69
PROD_4142,93.65,129.85,22,1,2.8,978.28,115.58
PROD_4143,668.58,821.7,1,12,3.5,960.42,906.04
PROD_4144,736.35,962.32,69,2,2.5,1010.4,332.47
PROD_4145,526.83,628.97,73,11,1.3,1094.6,764.86
PROD_4146,100.68,118.23,37,11,2.6,110.79,143.89
PROD_4147,333.58,397.8,83,6,3.4,1388.29,429.24
PROD_4148,588.57,702.3,72,2,2.1,1000.02,810.24
PROD_4149,628.26,779.33,96,4,4.4,1592.38,866.17
PROD_4150,112.21,139.17,13,10,1.6,1639.93,154.06
PROD_4151,20.02,24.51,84,6,2.5,499.54,30.68
PROD_4152,575.47,631.39,100,12,1.5,144.42,864.26
PROD_4153,298.15,364.82,43,7,2.6,1421.31,395.77
PROD_4154,218.5,242.35,37,10,1.2,1956.64,287.67
PROD_4155,30.06,32.89,94,5,2.1,920.98,142.51
PROD_4156,441.43,607.6,74,8,2.6,556.24,557.44
PROD_4157,683.9,862.9,95,6,2.9,355.51,1060.19
PROD_4158,766.95,982.33,25,5,,610.52,994.12
PROD_4159,461.28,549.21,93,4,2.1,689.44,638.98
PROD_4160,421.28,576.37,88,6,3.1,876.56,664.29
PROD_4161,86.34,109.94,21,6,3.0,1328.04,128.58
PROD_4162,448.12,591.17,41,6,2.3,582.67,643.36
PROD_4163,316.38,373.02,73,1,4.3,149.4,388.59
PROD_4164,493.57,684.08,42,6,3.2,777.89,704.78
PROD_4165,323.21,432.18,42,1,2.3,1718.48,423.19
PROD_4166,207.43,279.8,2,5,4.8,1021.79,265.31
PROD_4167,94.07,104.45,68,7,4.4,1931.33,363.82
PROD_4168,265.64,304.11,8,1,4.9,1032.06,366.46
PROD_4169,95.38,109.69,96,1,3.8,588.0,146.19
PROD_4170,157.98,180.86,61,6,2.5,426.96,589.33
PROD_4171,790.12,,14,7,2.1,1404.32,1169.2
PROD_4172,366.4,388.81,77,6,3.7,1095.94,501.12
PROD_4173,434.86,468.19,21,5,4.9,1227.8,551.07
PROD_4174,701.42,803.74,24,6,3.5,1522.5,990.54
PROD_4175,796.54,892.09,50,3,4.5,1465.51,1188.8
PROD_4176,474.52,536.75,82,9,2.3,134.56,725.38
PROD_4177,653.73,868.99,45,5,2.6,1615.02,930.45
PROD_4178,275.01,342.97,64,2,4.6,1088.77,184.72
PROD_4179,258.48,271.93,64,12,4.0,813.83,422.07
PROD_4180,334.11,401.02,26,10,4.9,1098.16,493.55
PROD_4181,544.56,649.52,32,10,4.1,1244.28,694.92
PROD_4182,552.11,601.73,57,7,2.8,341.54,745.71
PROD_4183,265.89,342.1,53,3,3.1,863.96,377.46
PROD_4184,123.9,,33,1,4.6,704.39,168.14
PROD_4185,513.27,668.44,52,3,3.2,733.3,777.61
PROD_4186,120.09,156.72,95,9,2.0,228.1,154.36
PROD_4187,471.22,494.79,18,5,2.7,361.69,630.6
PROD_4188,560.87,776.17,35,7,3.1,365.57,732.48
PROD_4189,566.48,756.23,12,3,1.4,777.79,731.42
PROD_4190,607.71,830.37,51,4,4.0,1794.26,912.47
PROD_4191,700.83,,89,1,1.4,451.75,930.65
PROD_4192,409.97,564.46,95,3,2.6,861.58,577.78
PROD_4193,589.59,786.18,10,7,4.2,657.64,866.18
PROD_4194,502.95,675.48,52,4,2.9,1585.4,747.3
PROD_4195,165.58,179.26,34,2,4.4,147.75,225.69
PROD_4196,40.04,52.39,67,5,2.4,433.26,51.18
PROD_4197,241.94,335.32,39,5,4.8,460.75,322.09
PROD_4198,365.57,470.66,8,2,1.8,1986.28,512.9
PROD_4199,501.34,626.53,96,11,1.2,1163.01,811.59
PROD_4200,682.97,943.16,29,6,4.5,320.97,853.01
PROD_4201,173.07,208.56,22,10,4.0,580.79,241.47
PROD_4202,117.93,148.56,84,4,1.9,377.25,148.13
PROD_4203,771.51,938.72,70,1,4.9,292.98,978.01
PROD_4204,104.27,143.53,61,3,3.0,1604.5,145.32
PROD_4205,393.22,423.36,43,9,4.8,1016.72,521.84
PROD_4206,476.74,584.19,49,10,3.0,1280.86,594.54
PROD_4207,442.27,570.72,29,7,,695.94,616.6
PROD_4208,87.11,115.6,81,6,2.8,1129.71,122.75
PROD_4209,64.48,80.86,31,1,2.3,552.26,93.93
PROD_4210,102.28,139.93,53,9,3.1,650.67,148.59
PROD_4211,476.76,657.78,34,9,2.8,1321.86,682.8
PROD_4212,444.59,476.83,38,1,1.1,343.18,559.83
PROD_4213,202.32,240.93,57,6,2.0,1253.58,96.45
PROD_4214,517.46,547.59,4,7,1.9,1711.86,702.48
PROD_4215,659.65,768.69,2,2,4.5,284.83,798.01
PROD_4216,52.43,64.91,12,10,3.4,1800.05,75.0
PROD_4217,408.54,559.2,35,8,4.1,204.92,560.27
PROD_4218,557.66,750.78,70,8,4.8,730.37,744.6
PROD_4219,216.8,237.32,72,6,3.6,1240.49,311.23
PROD_4220,260.06,281.53,21,9,4.9,1140.86,389.12
PROD_4221,498.64,626.41,61,3,2.2,237.96,622.96
PROD_4222,720.39,890.58,35,2,1.7,1607.88,896.05
PROD_4223,651.74,745.09,48,2,2.6,1947.65,984.18
PROD_4224,474.84,648.07,15,6,2.9,403.4,564.03
PROD_4225,589.57,810.41,71,7,4.6,1795.51,771.84
PROD_4226,304.56,362.71,15,6,3.2,1135.78,392.11
PROD_4227,519.95,707.97,6,11,2.2,1875.07,723.15
PROD_4228,383.62,454.35,81,3,4.0,393.37,558.53
PROD_4229,168.15,219.92,68,5,3.0,1594.44,241.34
PROD_4230,567.36,690.23,22,8,1.6,166.57,821.18
PROD_4231,454.04,496.22,32,6,3.3,1772.23,651.91
PROD_4232,299.72,412.05,22,2,4.6,1364.61,449.67
PROD_4233,730.84,883.54,27,7,4.4,772.0,1000.25
PROD_4234,36.33,47.48,15,8,3.3,421.41,42.88
PROD_4235,266.3,313.84,44,4,2.5,1642.24,414.03
PROD_4236,64.37,68.01,86,12,1.3,1226.32,86.46
PROD_4237,617.89,670.53,92,1,2.9,752.81,931.24
PROD_4238,567.64,694.61,9,2,4.0,915.48,667.87
PROD_4239,278.45,359.62,34,4,2.4,1661.76,406.71
PROD_4240,547.02,638.45,100,7,1.9,710.91,876.26
PROD_4241,328.83,425.32,73,2,4.7,224.78,455.51
PROD_4242,609.88,789.5,15,6,4.3,1827.0,750.71
PROD_4243,374.26,485.19,62,2,3.6,805.32,492.13
PROD_4244,341.58,417.54,45,12,1.5,729.36,495.69
PROD_4245,749.09,1026.41,84,7,1.6,448.58,982.91
PROD_4246,215.69,263.4,72,2,1.4,1799.97,316.5
PROD_4247,113.95,137.6,58,3,3.5,474.14,156.13
PROD_4248,475.94,,92,9,1.5,1291.51,649.22
PROD_4249,776.07,898.44,19,4,4.4,1767.49,1035.41
PROD_4250,314.71,335.11,16,5,5.0,118.08,417.69
PROD_4251,68.39,86.97,75,9,2.5,1666.14,93.93
PROD_4252,284.66,323.65,8,7,2.8,850.67,390.02
PROD_4253,414.63,479.5,33,8,3.8,1333.05,625.74
PROD_4254,146.3,193.08,74,11,4.7,776.19,217.09
PROD_4255,533.32,621.07,18,3,4.6,1406.26,654.74
PROD_4256,798.24,905.82,35,11,1.2,545.88,1201.73
PROD_4257,372.36,413.01,43,11,1.7,92.76,506.8
PROD_4258,296.69,391.98,50,4,4.0,1898.19,395.26
PROD_4259,332.55,364.27,3,7,3.8,81.92,449.42
PROD_4260,109.81,132.74,91,4,1.5,1656.99,149.16
PROD_4261,708.95,870.19,59,2,3.0,379.82,927.9
PROD_4262,343.56,443.4,28,10,4.1,814.83,511.73
PROD_4263,322.07,409.57,46,6,1.9,1653.86,416.77
PROD_4264,534.56,712.97,64,9,4.5,451.57,821.71
PROD_4265,364.79,388.74,70,2,1.2,1738.13,468.75
PROD_4266,525.62,606.44,47,1,4.1,1020.63,773.24
PROD_4267,67.93,77.98,14,8,3.5,764.0,92.05
PROD_4268,654.7,720.9,7,1,2.3,1341.75,788.58
PROD_4269,753.59,867.55,74,1,3.9,715.71,1108.18
PROD_4270,526.04,609.37,79,3,,727.21,814.52
PROD_4271,764.56,942.44,31,5,4.7,1480.38,977.01
PROD_4272,138.12,177.11,93,12,2.5,654.17,223.25
PROD_4273,392.38,464.34,81,9,3.7,441.51,553.69
PROD_4274,489.41,637.12,51,11,3.4,1624.91,773.5
PROD_4275,473.75,553.18,29,10,3.1,1620.47,262.67
PROD_4276,333.14,383.64,15,2,4.6,1020.29,392.97
PROD_4277,283.71,351.63,90,12,1.0,1076.98,412.3
PROD_4278,118.92,125.86,76,12,2.1,1407.35,180.78
PROD_4279,325.56,,25,1,,1043.08,478.12
PROD_4280,146.88,175.71,61,1,1.7,863.23,195.01
PROD_4281,592.81,818.08,41,8,4.6,1990.04,856.12
PROD_4282,182.89,238.22,69,10,3.6,337.9,225.87
PROD_4283,65.68,70.99,4,10,2.9,1205.82,89.8
PROD_4284,450.85,606.93,57,10,4.3,1777.43,664.14
PROD_4285,484.28,632.62,31,2,2.8,1390.07,674.41
PROD_4286,700.09,884.8,3,9,3.2,1767.8,1042.86
PROD_4287,470.05,628.5,67,9,1.0,705.85,598.03
PROD_4288,289.48,344.89,90,2,2.5,580.39,386.97
PROD_4289,646.35,728.78,50,3,1.6,1709.98,985.76
PROD_4290,441.42,542.59,17,2,3.8,818.52,546.85
PROD_4291,81.84,101.65,60,6,,1433.88,119.61
PROD_4292,461.36,571.36,74,7,2.2,338.11,679.24
PROD_4293,728.25,908.7,66,12,2.9,1523.88,1128.4
PROD_4294,329.12,454.86,88,6,1.8,1120.52,437.96
PROD_4295,251.13,343.0,75,3,4.7,573.79,337.34
PROD_4296,131.91,178.93,24,12,1.2,1014.28,192.72
PROD_4297,138.13,183.78,99,3,4.5,1409.04,196.61
PROD_4298,357.56,493.51,87,12,3.0,73.18,564.18
PROD_4299,484.63,525.57,32,2,3.5,1293.06,665.44
PROD_4300,82.88,94.71,87,2,2.2,1106.1,115.91
PROD_4301,752.86,920.96,98,11,4.9,479.56,1122.36
PROD_4302,609.0,819.89,19,12,2.1,1518.31,954.24
PROD_4303,477.57,585.88,66,5,,641.75,661.11
PROD_4304,666.18,873.91,60,11,5.0,589.88,1017.33
PROD_4305,82.55,90.69,66,11,4.5,968.88,134.41
PROD_4306,391.93,446.16,15,8,3.1,1368.49,1515.57
PROD_4307,511.47,668.05,85,6,5.0,1861.25,824.61
PROD_4308,666.35,738.09,35,9,3.8,325.65,838.27
PROD_4309,631.11,740.27,69,11,1.8,823.11,1018.78
PROD_4310,236.11,,27,5,2.6,180.63,299.98
PROD_4311,753.89,883.9,88,10,2.3,1529.17,1165.26
PROD_4312,116.99,151.84,7,4,2.4,923.08,164.43
PROD_4313,702.6,828.19,6,9,4.0,1428.51,888.55
PROD_4314,777.33,967.27,33,12,3.3,678.28,1093.67
PROD_4315,158.18,171.62,58,10,1.2,1696.42,236.01
PROD_4316,583.21,776.7,49,11,4.5,1092.91,804.48
PROD_4317,51.42,60.65,17,5,2.2,1890.04,73.96
PROD_4318,336.23,429.36,42,1,5.0,203.69,417.72
PROD_4319,422.7,551.15,94,5,4.8,1052.84,685.36
PROD_4320,472.9,531.25,72,5,4.8,1544.59,644.4
PROD_4321,750.03,1019.77,40,5,4.2,1220.3,1052.54
PROD_4322,544.36,688.98,46,2,1.9,95.23,661.9
PROD_4323,395.4,474.5,71,6,3.1,1946.06,542.8
PROD_4324,651.55,725.7,70,5,1.9,631.61,877.72
PROD_4325,761.42,1050.61,68,2,2.0,536.09,1061.2
PROD_4326,37.21,48.91,1,12,,997.04,15.57
PROD_4327,786.37,,79,10,1.2,1107.21,1196.24
PROD_4328,87.18,101.85,95,8,4.9,1544.26,114.29
PROD_4329,655.22,873.66,89,6,4.7,816.88,1003.25
PROD_4330,238.66,308.71,97,11,2.5,907.92,365.75
PROD_4331,123.1,162.25,52,10,3.1,1093.17,173.7
PROD_4332,363.09,437.31,35,12,2.9,819.05,493.19
PROD_4333,522.29,679.37,69,11,4.5,1833.37,2645.83
PROD_4334,317.14,375.9,5,3,3.8,1709.94,416.58
PROD_4335,62.56,70.31,100,9,2.1,937.2,85.51
PROD_4336,487.58,619.93,17,11,2.8,50.38,644.82
PROD_4337,723.87,1007.35,53,11,2.7,1806.82,997.84
PROD_4338,318.91,369.52,52,4,,292.46,396.49
PROD_4339,188.74,228.63,14,3,1.7,526.8,215.79
PROD_4340,365.21,469.62,29,7,1.4,347.1,449.2
PROD_4341,57.72,71.55,8,12,4.5,400.64,83.95
PROD_4342,659.98,887.81,98,8,4.6,1615.61,937.68
PROD_4343,664.55,874.95,1,7,4.5,1180.03,859.24
PROD_4344,478.64,512.34,29,1,3.0,1914.39,610.46
PROD_4345,295.42,413.43,36,1,3.6,501.33,403.4
PROD_4346,643.83,845.57,51,5,3.3,996.99,857.59
PROD_4347,452.66,612.16,37,8,1.3,1955.99,625.38
PROD_4348,664.23,848.83,93,10,3.4,1661.56,998.93
PROD_4349,512.54,691.77,69,11,1.1,1470.8,776.97
PROD_4350,631.84,688.28,53,3,2.3,418.5,819.28
PROD_4351,486.88,570.48,96,8,4.7,1550.34,709.49
PROD_4352,343.03,465.41,52,3,2.2,727.75,448.69
PROD_4353,767.2,859.71,88,4,,1084.55,1223.38
PROD_4354,442.07,476.28,83,10,2.0,1237.86,658.02
PROD_4355,491.97,652.27,12,7,2.3,1238.26,640.4
PROD_4356,191.98,257.72,52,3,3.5,1466.72,297.12
PROD_4357,508.01,562.33,1,4,4.0,1340.32,697.43
PROD_4358,465.85,628.45,7,8,3.0,183.32,575.49
PROD_4359,164.17,211.84,17,4,4.5,941.83,203.85
PROD_4360,66.48,81.9,98,9,1.2,1344.84,96.71
PROD_4361,491.4,658.77,43,4,4.7,627.19,730.42
PROD_4362,615.68,736.81,71,4,1.8,660.46,921.75
PROD_4363,428.25,478.74,17,5,4.5,292.91,590.26
PROD_4364,196.88,226.36,59,1,2.6,866.3,274.43
PROD_4365,539.89,662.34,3,7,4.3,1974.32,760.89
PROD_4366,82.48,101.95,29,9,3.7,606.37,115.52
PROD_4367,364.63,485.67,22,12,1.7,1086.3,508.88
PROD_4368,147.43,195.63,38,9,4.7,1499.31,198.31
PROD_4369,163.88,205.42,54,1,2.0,76.32,237.3
PROD_4370,177.79,235.26,93,6,2.0,1805.86,279.92
PROD_4371,321.63,359.3,50,3,4.3,803.77,469.23
PROD_4372,59.9,63.94,69,4,1.4,1744.78,36.62
PROD_4373,330.28,447.78,30,8,1.9,125.95,410.22
PROD_4374,419.13,451.17,23,4,3.0,334.04,591.86
PROD_4375,396.97,451.09,85,8,4.3,678.93,605.95
PROD_4376,318.57,412.03,90,4,1.6,723.65,433.95
PROD_4377,674.53,804.93,47,9,3.2,1703.2,965.67
PROD_4378,133.35,180.92,21,6,3.8,71.84,192.13
PROD_4379,414.44,478.39,20,1,4.4,1300.17,595.65
PROD_4380,68.39,,23,10,4.7,306.06,97.89
PROD_4381,75.5,,68,2,4.1,1655.27,103.18
PROD_4382,467.62,585.61,21,7,3.6,1568.22,661.79
PROD_4383,461.49,545.29,21,10,2.7,1024.85,1743.47
PROD_4384,704.87,872.06,1,7,1.4,464.74,981.0
PROD_4385,455.14,617.54,15,3,3.8,1287.27,569.64
PROD_4386,768.64,1052.55,17,1,5.0,354.7,1037.4
PROD_4387,57.98,,51,8,3.9,420.55,80.97
PROD_4388,96.45,116.87,63,10,1.1,1272.05,463.28
PROD_4389,54.37,67.54,14,11,3.0,1982.9,80.54
PROD_4390,164.52,227.39,59,11,3.5,1787.57,227.97
PROD_4391,442.19,618.85,83,10,3.8,1206.56,653.48
PROD_4392,523.55,592.86,50,7,3.9,1100.15,704.02
PROD_4393,55.56,72.47,34,10,3.2,1996.85,75.25
PROD_4394,757.86,896.02,6,8,1.9,1117.42,1081.39
PROD_4395,676.89,712.65,49,1,4.8,869.23,975.12
PROD_4396,251.36,,6,3,3.8,1823.63,358.03
PROD_4397,80.21,97.15,69,2,1.9,506.66,113.73
PROD_4398,152.51,186.2,7,1,2.3,240.18,212.36
PROD_4399,119.02,125.91,97,5,4.7,1286.48,187.74
PROD_4400,116.16,149.9,77,3,4.5,236.91,165.9
PROD_4401,424.48,489.38,51,10,2.6,777.64,656.94
PROD_4402,211.76,263.85,1,8,1.2,875.98,865.96
PROD_4403,299.35,,13,6,1.2,1117.7,407.05
PROD_4404,791.81,877.72,43,10,2.1,1983.74,1149.06
PROD_4405,553.77,660.37,27,9,3.5,480.91,720.51
PROD_4406,760.2,860.02,71,9,3.3,782.72,1097.9
PROD_4407,131.19,162.31,3,11,3.5,307.87,203.18
PROD_4408,318.07,356.11,58,6,3.9,1234.85,399.66
PROD_4409,452.69,555.88,89,2,1.1,1468.96,646.87
PROD_4410,79.87,88.26,97,9,1.4,990.05,115.27
PROD_4411,23.27,29.89,17,2,2.4,529.37,27.39
PROD_4412,542.94,713.36,45,3,1.6,1260.73,809.39
PROD_4413,520.62,566.77,78,6,1.3,1101.36,704.77
PROD_4414,340.42,413.17,58,2,3.6,383.81,429.0
PROD_4415,401.92,431.99,56,5,4.3,841.08,601.6
PROD_4416,344.05,433.28,54,2,4.0,898.63,462.01
PROD_4417,38.72,44.24,87,12,4.3,1966.1,63.94
PROD_4418,281.59,347.67,88,4,3.7,1706.11,451.56
PROD_4419,158.12,194.67,29,11,3.9,1482.02,249.8
PROD_4420,96.77,132.92,54,11,2.1,1783.12,153.41
PROD_4421,766.24,951.81,27,3,5.0,1484.19,961.88
PROD_4422,487.5,611.35,45,5,1.7,1811.63,604.55
PROD_4423,588.35,700.48,87,6,1.9,156.38,797.77
PROD_4424,265.98,367.64,31,7,2.2,939.33,330.33
PROD_4425,326.65,431.84,36,10,4.9,1506.45,451.9
PROD_4426,204.8,235.5,81,8,5.0,1187.43,125.73
PROD_4427,95.63,128.67,61,9,4.2,391.57,133.51
PROD_4428,159.64,191.79,37,4,3.5,713.96,210.56
PROD_4429,642.06,860.38,67,4,3.1,669.66,2390.2
PROD_4430,548.49,733.88,36,7,4.9,559.63,714.89
PROD_4431,446.6,498.46,5,12,3.8,719.11,595.57
PROD_4432,390.57,505.94,46,10,4.8,1053.96,541.05
PROD_4433,739.5,851.7,79,10,2.3,1716.99,1094.96
PROD_4434,76.73,88.56,52,11,2.3,1496.96,123.79
PROD_4435,238.87,,49,9,4.4,1678.74,361.34
PROD_4436,292.95,,6,11,1.6,1773.03,426.14
PROD_4437,630.29,712.51,10,2,4.8,861.49,885.2
PROD_4438,794.16,834.12,96,11,3.0,724.75,1117.57
PROD_4439,207.72,270.11,23,6,4.7,162.37,253.94
PROD_4440,701.96,779.12,17,10,2.3,1864.46,1015.11
PROD_4441,667.89,725.7,84,10,3.9,178.35,906.44
PROD_4442,195.23,221.22,44,8,2.9,1495.21,265.71
PROD_4443,331.48,392.13,41,5,3.5,787.31,420.18
PROD_4444,339.54,413.08,15,5,3.0,1900.12,222.38
PROD_4445,783.01,834.38,44,8,4.9,868.22,1149.96
PROD_4446,161.1,223.87,58,1,3.8,1642.39,217.59
PROD_4447,643.34,836.75,86,6,2.0,601.18,900.33
PROD_4448,280.67,326.45,50,10,4.6,633.22,353.44
PROD_4449,590.08,685.4,52,9,2.2,1211.26,863.41
PROD_4450,347.61,419.56,70,12,2.5,1996.07,555.98
PROD_4451,471.12,597.94,68,6,,1059.27,651.59
PROD_4452,669.44,737.2,63,7,4.6,1875.8,1025.66
PROD_4453,647.25,722.41,58,4,2.1,1583.19,859.89
PROD_4454,695.81,939.9,23,12,2.0,1601.94,1058.67
PROD_4455,66.5,75.79,44,10,4.7,900.12,97.11
PROD_4456,559.8,662.28,83,1,4.2,803.76,876.16
PROD_4457,129.19,175.05,95,9,1.6,424.25,172.57
PROD_4458,344.34,441.48,44,12,4.1,1929.69,484.36
PROD_4459,447.9,523.86,52,6,4.7,1920.82,611.79
PROD_4460,334.14,430.8,67,3,1.3,1506.78,424.76
PROD_4461,425.3,449.49,28,4,4.3,627.69,534.92
PROD_4462,797.29,1042.44,67,10,3.2,528.1,1057.48
PROD_4463,125.47,,78,12,3.7,1977.79,191.89
PROD_4464,546.86,729.84,18,6,3.0,179.76,794.43
PROD_4465,328.88,455.21,27,6,3.8,1694.95,416.86
PROD_4466,123.75,170.03,51,12,1.1,743.14,197.51
PROD_4467,143.81,196.77,60,9,4.1,866.8,212.35
PROD_4468,760.43,934.77,74,4,1.1,1672.36,1171.68
PROD_4469,706.09,830.4,49,5,2.8,226.68,1051.47
PROD_4470,727.49,882.28,15,5,,740.63,996.83
PROD_4471,793.4,1024.64,83,3,4.3,1906.45,1237.82
PROD_4472,182.49,248.07,73,2,2.3,1413.18,255.16
PROD_4473,297.24,333.64,68,8,2.8,1522.13,425.47
PROD_4474,541.99,743.27,15,10,2.7,1527.14,785.4
PROD_4475,397.37,530.61,51,9,4.1,168.11,527.94
PROD_4476,346.34,482.32,48,10,2.9,446.25,425.22
PROD_4477,299.09,406.19,72,11,4.2,1007.96,483.74
PROD_4478,483.15,554.64,1,9,1.3,767.89,621.36
PROD_4479,468.96,509.8,7,5,1.8,851.28,654.77
PROD_4480,145.94,158.97,53,11,3.2,1573.82,203.35
PROD_4481,387.96,446.9,31,9,4.8,78.62,536.91
PROD_4482,451.71,571.39,18,4,1.3,1337.96,560.75
PROD_4483,464.82,618.92,12,2,1.2,50.21,646.66
PROD_4484,183.88,250.95,48,3,1.6,172.96,223.44
PROD_4485,598.97,759.68,30,1,3.6,846.16,874.03
PROD_4486,39.66,41.72,97,5,2.6,1689.85,51.57
PROD_4487,296.77,330.96,7,1,4.3,332.74,343.78
PROD_4488,628.57,681.93,92,12,1.3,1131.51,916.47
PROD_4489,459.84,541.3,3,11,1.8,1373.09,630.67
PROD_4490,223.71,274.15,63,1,2.2,497.59,312.78
PROD_4491,562.06,598.7,6,11,3.5,1049.04,1853.15
PROD_4492,462.56,542.11,95,11,3.7,1827.24,720.8
PROD_4493,641.07,713.33,15,7,1.5,1048.85,793.25
PROD_4494,593.32,757.36,71,2,4.8,356.78,897.31
PROD_4495,495.88,601.26,43,8,,1274.24,610.42
PROD_4496,400.78,490.3,94,6,3.9,1204.79,570.39
PROD_4497,123.88,148.62,91,4,,102.56,177.94
PROD_4498,223.84,309.93,81,9,1.9,226.66,347.51
PROD_4499,346.9,390.31,18,10,4.4,355.72,500.15
PROD_4500,487.45,599.97,22,8,4.3,315.76,704.46
PROD_4501,420.69,550.1,61,10,2.6,555.96,535.5
PROD_4502,244.78,304.73,61,3,3.4,935.51,367.97
PROD_4503,25.04,34.44,53,3,2.0,774.85,36.3
PROD_4504,407.07,481.27,26,4,3.8,1786.77,610.37
PROD_4505,242.79,294.33,91,9,2.2,1243.61,336.08
PROD_4506,592.99,641.02,40,9,4.4,1758.48,894.8
PROD_4507,38.68,48.86,88,5,1.9,1077.73,54.91
PROD_4508,476.17,548.01,8,12,1.1,225.25,661.16
PROD_4509,754.35,834.39,21,9,2.1,953.41,977.06
PROD_4510,156.04,193.58,93,6,1.8,1652.96,228.42
PROD_4511,387.89,479.55,43,8,3.0,428.5,532.04
PROD_4512,91.31,98.3,21,11,1.8,227.87,121.48
PROD_4513,508.03,657.58,3,8,4.1,692.4,722.8
PROD_4514,449.41,570.0,31,12,2.0,808.35,660.99
PROD_4515,337.75,376.98,27,10,3.8,647.2,466.32
PROD_4516,426.67,518.11,27,7,3.3,313.72,213.05
PROD_4517,719.33,936.65,73,4,4.9,539.14,1140.31
PROD_4518,173.11,213.84,57,4,5.0,1380.45,259.08
PROD_4519,37.6,44.69,97,6,4.5,802.56,50.77
PROD_4520,692.1,804.79,33,9,4.0,1283.47,999.62
PROD_4521,470.15,594.1,90,7,2.5,1095.79,627.23
PROD_4522,714.71,985.37,92,5,4.0,1120.65,933.78
PROD_4523,485.62,624.07,44,5,4.8,534.67,678.57
PROD_4524,651.93,701.58,43,8,1.1,1067.01,906.2
PROD_4525,355.15,430.17,31,6,3.2,96.01,436.11
PROD_4526,604.89,823.73,65,1,1.9,891.9,814.27
PROD_4527,732.17,792.99,84,1,3.2,1166.61,1152.51
PROD_4528,466.26,650.94,76,9,2.9,404.89,634.09
PROD_4529,161.01,222.55,17,8,3.3,550.29,196.29
PROD_4530,229.66,247.44,15,6,3.2,478.09,336.44
PROD_4531,174.94,240.84,34,1,4.8,187.59,120.86
PROD_4532,212.55,250.19,80,2,3.2,728.32,313.9
PROD_4533,259.0,348.53,4,10,4.4,1958.98,325.55
PROD_4534,453.0,541.99,72,3,2.3,740.07,630.79
PROD_4535,478.63,576.42,98,10,2.8,948.05,670.92
PROD_4536,352.67,448.59,89,12,2.9,1323.52,595.56
PROD_4537,500.03,660.57,79,3,2.1,1314.57,688.22
PROD_4538,83.63,88.8,28,2,2.5,1902.3,116.7
PROD_4539,88.47,111.27,73,12,3.4,1722.25,145.07
PROD_4540,154.03,171.79,2,2,3.3,1598.2,223.8
PROD_4541,424.1,496.66,17,6,3.5,1905.67,531.03
PROD_4542,186.92,219.03,58,7,2.4,499.99,735.14
PROD_4543,240.96,292.57,74,4,2.3,1253.26,333.54
PROD_4544,332.24,387.71,9,1,3.4,1780.03,455.11
PROD_4545,653.26,710.47,31,6,1.5,1267.07,873.51
PROD_4546,30.81,33.92,66,7,2.0,1955.97,42.86
PROD_4547,526.52,559.0,88,4,1.2,245.69,672.37
PROD_4548,541.72,,62,6,1.3,906.69,765.22
PROD_4549,642.95,889.88,19,9,2.0,1955.86,861.61
PROD_4550,747.55,815.19,81,4,1.1,790.16,993.25
PROD_4551,35.71,49.32,74,12,2.0,1492.13,55.22
PROD_4552,139.95,182.87,55,10,3.6,109.29,212.63
PROD_4553,711.21,905.46,28,4,1.2,1404.93,1009.21
PROD_4554,377.64,481.82,92,10,2.7,1872.52,558.93
PROD_4555,460.38,616.61,50,12,4.7,796.28,743.84
PROD_4556,537.16,584.12,65,5,4.2,91.53,761.4
PROD_4557,549.67,674.26,3,3,,104.42,645.69
PROD_4558,746.76,966.29,79,10,4.7,1789.45,1090.13
PROD_4559,797.62,1001.32,52,2,2.3,1458.91,1021.29
PROD_4560,581.72,,10,9,1.3,258.04,794.49
PROD_4561,244.03,262.41,21,1,5.0,156.45,360.0
PROD_4562,706.21,912.24,37,5,4.5,1619.41,956.29
PROD_4563,58.39,72.23,15,5,2.9,1629.23,76.64
PROD_4564,200.24,236.83,87,8,3.7,285.02,274.59
PROD_4565,719.96,841.7,78,6,3.7,637.96,996.99
PROD_4566,219.83,278.59,79,6,1.8,1571.05,326.65
PROD_4567,192.11,261.62,74,6,1.8,1074.55,279.99
PROD_4568,127.74,156.31,9,4,2.9,1915.34,153.71
PROD_4569,690.11,923.81,44,1,4.6,988.07,1030.19
PROD_4570,410.05,488.26,39,3,1.0,1370.07,521.79
PROD_4571,546.42,593.32,5,10,4.1,1044.08,797.51
PROD_4572,206.47,221.24,25,12,1.2,1888.78,285.48
PROD_4573,611.27,652.82,56,11,2.9,827.39,940.59
PROD_4574,612.8,724.98,90,6,3.6,498.1,808.71
PROD_4575,263.83,308.16,64,5,,686.94,357.61
PROD_4576,340.33,442.87,72,10,1.2,1712.91,517.43
PROD_4577,183.56,240.46,86,1,2.7,1020.98,262.67
PROD_4578,781.72,834.72,52,5,3.3,740.79,1172.7
PROD_4579,523.57,590.27,89,2,1.3,1111.31,755.23
PROD_4580,748.94,858.28,76,1,1.5,309.8,1102.99
PROD_4581,256.64,318.66,9,4,3.7,60.45,372.56
PROD_4582,629.87,693.23,10,6,3.1,597.14,804.13
PROD_4583,617.37,677.18,10,7,1.6,1229.76,827.62
PROD_4584,559.49,772.28,73,9,3.1,1437.78,851.27
PROD_4585,773.2,1029.49,62,5,4.7,1661.89,1015.18
PROD_4586,326.97,364.0,90,8,1.1,1856.99,506.57
PROD_4587,121.96,145.41,99,8,3.6,853.62,179.78
PROD_4588,543.93,638.83,91,11,1.3,1494.01,887.71
PROD_4589,588.86,781.33,60,9,1.0,195.61,700.19
PROD_4590,468.55,575.65,95,3,1.6,162.18,691.5
PROD_4591,181.32,198.5,19,3,2.7,293.36,223.46
PROD_4592,413.48,541.09,38,9,4.2,924.71,611.77
PROD_4593,263.51,313.29,6,7,2.1,462.0,887.53
PROD_4594,353.42,403.62,15,4,3.5,609.5,448.88
PROD_4595,523.27,618.2,93,1,2.6,1313.37,817.51
PROD_4596,601.27,736.08,47,7,1.9,749.12,853.11
PROD_4597,201.14,235.35,45,10,3.1,1136.87,306.4
PROD_4598,336.15,381.42,5,6,4.2,854.19,441.97
PROD_4599,229.95,273.52,78,3,4.3,379.49,339.27
PROD_4600,174.93,184.85,53,5,4.4,194.34,243.88
PROD_4601,631.04,833.21,66,3,2.4,510.65,912.45
PROD_4602,729.22,809.31,62,8,4.2,162.52,920.43
PROD_4603,308.78,328.97,23,5,1.8,1256.29,384.35
PROD_4604,606.0,774.95,44,10,4.0,1601.65,917.04
PROD_4605,719.66,950.58,52,10,4.8,712.49,983.97
PROD_4606,679.98,907.66,46,6,1.1,804.87,1036.13
PROD_4607,162.59,198.81,19,2,2.8,1641.57,205.38
PROD_4608,765.91,859.26,88,8,3.6,484.1,676.67
PROD_4609,313.81,410.47,84,9,3.8,282.36,459.87
PROD_4610,284.61,368.54,47,3,1.7,1027.18,414.7
PROD_4611,68.7,78.05,91,6,4.9,1310.07,96.82
PROD_4612,399.22,545.41,52,6,3.5,1219.33,609.8
PROD_4613,105.03,114.12,24,2,1.7,1442.05,141.22
PROD_4614,213.86,298.11,17,10,1.1,160.66,286.17
PROD_4615,267.22,361.03,89,8,4.1,884.99,357.98
PROD_4616,650.88,840.14,46,5,1.3,515.21,911.79
PROD_4617,702.88,968.97,64,11,1.6,1530.29,1138.47
PROD_4618,255.92,333.42,95,11,3.3,1751.82,386.17
PROD_4619,689.78,770.25,28,8,3.4,598.6,975.21
PROD_4620,688.64,829.64,50,8,3.7,235.68,848.77
PROD_4621,616.43,662.68,64,12,2.6,544.18,997.69
PROD_4622,134.42,159.48,28,3,4.1,252.82,201.39
PROD_4623,558.45,731.33,86,5,4.9,678.72,2370.32
PROD_4624,757.12,897.38,56,7,2.1,1099.49,941.85
PROD_4625,552.38,643.86,59,5,3.8,1948.68,817.79
PROD_4626,278.66,350.66,5,6,4.7,828.77,321.46
PROD_4627,410.45,556.27,54,2,3.7,479.08,571.48
PROD_4628,523.67,558.57,44,8,3.7,375.26,689.99
PROD_4629,418.24,495.58,42,5,1.9,387.43,553.73
PROD_4630,113.56,125.53,72,6,3.1,425.57,141.4
PROD_4631,263.41,340.69,92,1,3.3,1536.42,338.57
PROD_4632,645.87,,57,10,3.8,169.0,795.35
PROD_4633,691.91,887.5,47,2,5.0,1994.94,1012.71
PROD_4634,127.09,146.18,76,11,1.1,1069.24,194.04
PROD_4635,762.86,854.12,25,4,1.3,1111.33,956.04
PROD_4636,276.48,380.92,44,11,1.3,747.25,410.99
PROD_4637,536.6,566.91,15,9,4.0,1396.0,794.5
PROD_4638,606.42,729.66,51,6,1.5,969.34,776.26
PROD_4639,653.32,690.93,53,8,3.5,691.67,955.46
PROD_4640,757.68,923.81,34,2,2.3,567.02,1030.4
PROD_4641,264.08,323.59,77,10,2.8,1855.02,339.92
PROD_4642,689.64,801.76,8,5,1.9,617.43,360.67
PROD_4643,122.72,134.53,77,12,4.5,900.97,182.75
PROD_4644,569.93,673.51,100,12,3.3,733.17,915.79
PROD_4645,598.74,769.56,70,1,,218.05,814.65
PROD_4646,548.62,726.29,96,4,3.3,412.57,871.17
PROD_4647,216.81,267.92,21,10,1.5,419.53,298.08
PROD_4648,700.97,880.73,7,1,1.7,1402.62,900.61
PROD_4649,151.71,169.95,90,11,5.0,842.84,216.68
PROD_4650,61.84,71.15,79,11,3.9,1574.84,89.46
PROD_4651,579.62,641.45,56,9,1.2,1432.45,790.44
PROD_4652,390.87,444.52,49,2,3.8,424.5,537.69
PROD_4653,682.3,770.12,42,7,2.6,1147.69,1027.31
PROD_4654,319.05,393.01,23,3,2.2,1498.67,442.21
PROD_4655,151.26,188.61,52,2,1.6,1284.43,197.63
PROD_4656,672.42,928.44,79,4,4.4,1220.03,2779.19
PROD_4657,448.15,501.23,53,7,1.3,1492.24,566.74
PROD_4658,167.57,213.59,16,7,2.2,160.72,213.91
PROD_4659,581.9,777.44,96,9,2.2,1476.27,2768.16
PROD_4660,418.67,521.7,37,12,1.6,581.68,586.81
PROD_4661,491.36,559.79,18,3,3.0,1165.15,713.2
PROD_4662,379.5,433.35,20,7,1.0,522.49,561.73
PROD_4663,666.39,708.87,46,6,2.2,1685.69,953.93
PROD_4664,667.06,771.72,2,10,4.7,987.09,806.9
PROD_4665,573.32,751.4,87,7,2.2,1303.74,807.91
PROD_4666,102.21,109.02,94,7,2.4,1598.46,136.98
PROD_4667,674.31,759.78,63,10,2.9,1795.86,983.44
PROD_4668,543.39,704.88,3,5,3.2,1477.52,770.41
PROD_4669,563.68,746.27,46,9,4.2,340.1,778.19
PROD_4670,303.13,366.59,49,7,1.8,1716.34,453.0
PROD_4671,705.84,913.58,1,7,4.5,1256.23,998.88
PROD_4672,585.79,694.62,22,12,,1238.43,905.28
PROD_4673,107.82,119.25,93,3,3.9,1846.61,153.02
PROD_4674,338.07,402.08,14,1,1.3,535.22,481.63
PROD_4675,711.38,891.35,92,5,1.1,517.2,1024.07
PROD_4676,56.81,78.51,85,8,3.4,1050.73,77.23
PROD_4677,769.9,826.93,45,5,4.5,1514.18,1198.99
PROD_4678,549.75,674.86,96,10,3.3,922.12,884.91
PROD_4679,512.47,597.09,6,3,1.9,1286.09,679.24
PROD_4680,231.04,283.69,65,9,1.4,932.42,342.69
PROD_4681,214.06,226.56,21,2,3.8,1240.26,270.81
PROD_4682,754.81,875.24,4,3,3.9,1653.41,1008.16
PROD_4683,252.65,337.78,3,12,1.7,401.93,328.39
PROD_4684,624.89,777.29,30,4,1.1,1405.99,827.99
PROD_4685,326.64,394.48,31,10,2.6,1585.48,455.49
PROD_4686,128.62,147.9,34,1,3.3,921.87,172.38
PROD_4687,28.36,32.73,83,11,3.8,680.31,43.83
PROD_4688,444.52,526.35,20,4,4.2,76.41,540.81
PROD_4689,781.11,1048.6,87,4,3.4,1604.35,1009.67
PROD_4690,307.93,427.56,54,9,1.4,689.48,407.14
PROD_4691,298.61,359.39,25,8,3.7,746.75,384.33
PROD_4692,288.39,342.51,15,2,4.9,705.21,379.18
PROD_4693,426.02,573.55,38,7,4.6,1022.54,553.32
PROD_4694,363.72,436.25,23,6,4.5,1419.87,486.19
PROD_4695,706.33,878.12,52,7,,1555.13,912.18
PROD_4696,414.31,468.51,66,11,4.0,815.51,627.48
PROD_4697,416.05,545.12,57,4,4.4,1343.05,628.36
PROD_4698,127.93,158.15,57,5,3.7,1455.33,164.07
PROD_4699,786.54,1048.58,79,6,2.0,628.99,1138.91
PROD_4700,214.98,284.47,52,9,4.8,238.41,272.42
PROD_4701,77.22,86.9,35,2,2.8,1794.6,100.37
PROD_4702,537.25,698.68,74,11,1.5,1370.38,787.29
PROD_4703,484.39,644.24,14,9,1.4,1313.82,705.74
PROD_4704,343.81,402.65,91,10,3.6,164.86,492.2
PROD_4705,349.31,387.88,14,1,2.8,1644.85,495.13
PROD_4706,632.35,664.55,99,4,1.4,1153.81,924.42
PROD_4707,172.66,208.54,33,12,4.0,1703.37,233.23
PROD_4708,659.8,774.17,52,5,4.2,1950.39,1000.46
PROD_4709,526.02,654.49,1,9,3.9,1916.35,677.64
PROD_4710,346.8,386.96,34,6,1.8,1719.37,423.51
PROD_4711,377.26,509.64,19,4,3.8,71.35,477.51
PROD_4712,220.18,251.06,24,2,1.0,1777.17,277.2
PROD_4713,606.65,685.06,4,5,2.2,196.37,705.99
PROD_4714,420.04,511.72,36,8,2.6,1709.83,596.14
PROD_4715,270.27,330.97,77,8,4.3,596.34,368.88
PROD_4716,484.92,545.67,58,6,2.6,1239.63,700.04
PROD_4717,796.67,912.31,32,11,1.0,124.23,1002.83
PROD_4718,359.5,398.83,9,1,2.4,1553.8,537.37
PROD_4719,738.14,960.66,80,8,3.0,267.83,986.51
PROD_4720,289.11,381.49,67,4,4.8,850.84,424.44
PROD_4721,62.69,75.97,20,2,4.8,1644.02,90.94
PROD_4722,179.31,233.09,74,1,1.7,1405.93,230.92
PROD_4723,346.58,453.18,62,7,1.7,61.78,428.36
PROD_4724,191.32,210.14,58,2,1.7,835.91,244.41
PROD_4725,20.18,28.01,22,4,4.2,131.76,25.08
PROD_4726,733.7,981.22,67,4,1.0,1363.32,946.29
PROD_4727,678.23,760.68,75,10,,1939.45,989.39
PROD_4728,598.99,667.97,89,1,3.2,1327.76,873.99
PROD_4729,150.9,165.08,48,2,2.0,487.53,68.1
PROD_4730,113.88,125.09,8,1,1.4,742.7,133.69
PROD_4731,72.73,95.41,73,6,2.4,1954.47,111.35
PROD_4732,584.74,710.1,15,3,2.1,486.9,712.94
PROD_4733,744.47,985.7,32,1,,1144.98,969.7
PROD_4734,355.82,466.54,53,12,4.9,830.88,485.31
PROD_4735,112.93,142.47,67,8,1.5,1548.21,147.18
PROD_4736,419.67,541.47,4,12,2.5,1741.41,623.76
PROD_4737,292.09,308.57,30,4,4.7,714.63,419.29
PROD_4738,312.36,362.07,13,10,4.5,1337.77,437.83
PROD_4739,504.64,642.52,21,7,2.6,1120.64,692.58
PROD_4740,580.6,611.53,41,10,3.8,592.97,873.62
PROD_4741,106.27,112.81,19,2,1.4,580.28,138.75
PROD_4742,47.76,64.39,48,6,3.9,1100.33,66.37
PROD_4743,795.58,1025.82,86,6,4.9,350.31,1084.44
PROD_4744,201.53,230.32,63,7,3.1,1631.08,262.23
PROD_4745,61.99,80.01,20,12,3.0,184.56,87.36
PROD_4746,168.1,223.13,64,1,1.7,234.42,218.7
PROD_4747,50.39,58.32,37,12,3.5,717.34,74.28
PROD_4748,325.61,346.0,31,1,3.4,280.28,400.93
PROD_4749,645.87,889.03,74,2,3.6,977.62,984.01
PROD_4750,286.17,335.05,18,11,1.1,829.37,435.19
PROD_4751,366.46,398.44,20,2,3.2,1457.53,488.57
PROD_4752,546.96,668.46,82,5,3.4,1908.36,859.1
PROD_4753,416.94,549.93,11,1,1.8,1519.44,594.43
PROD_4754,691.93,780.2,86,11,1.8,399.92,1166.8
PROD_4755,695.51,795.88,44,2,2.1,1874.27,917.29
PROD_4756,27.73,31.47,82,6,3.8,814.66,41.52
PROD_4757,626.88,875.8,64,3,3.4,974.67,835.88
PROD_4758,379.37,424.55,34,4,,872.07,539.73
PROD_4759,791.3,990.25,87,1,2.2,597.07,1161.03
PROD_4760,396.92,545.31,65,5,4.6,1795.34,603.47
PROD_4761,789.78,869.87,55,4,4.0,697.87,1033.49
PROD_4762,608.56,845.78,74,8,2.6,1178.26,925.24
PROD_4763,213.91,295.54,1,3,1.4,518.07,266.04
PROD_4764,439.95,598.15,38,10,2.0,1604.88,1653.85
PROD_4765,793.87,893.17,9,1,4.8,1559.69,1050.46
PROD_4766,688.87,876.19,95,10,2.2,627.81,1062.52
PROD_4767,95.95,126.3,71,5,2.3,1379.03,147.82
PROD_4768,570.97,796.57,17,1,,1422.55,799.74
PROD_4769,289.55,,99,11,4.2,1146.9,407.47
PROD_4770,25.45,33.54,52,5,2.1,1221.17,31.7
PROD_4771,334.72,391.14,18,9,2.3,1170.19,398.12
PROD_4772,203.11,225.75,63,5,2.7,209.64,252.99
PROD_4773,658.72,788.8,33,2,2.7,1357.02,870.2
PROD_4774,283.12,375.94,4,2,2.6,966.06,356.14
PROD_4775,665.47,807.01,87,10,3.0,904.99,885.02
PROD_4776,20.47,25.34,75,9,4.3,1727.0,32.59
PROD_4777,260.1,363.7,52,12,4.3,95.29,392.52
PROD_4778,208.11,247.58,9,5,4.2,540.06,288.65
PROD_4779,202.18,255.84,64,11,1.4,286.74,291.99
PROD_4780,73.19,86.2,30,8,4.2,118.92,96.48
PROD_4781,165.96,197.07,8,10,1.5,587.57,201.94
PROD_4782,453.33,586.37,5,4,1.5,1977.53,591.58
PROD_4783,247.26,340.79,76,2,4.8,576.95,364.21
PROD_4784,345.57,428.44,63,4,4.3,1344.23,1519.98
PROD_4785,313.96,414.09,1,12,3.2,280.68,464.88
PROD_4786,703.21,760.32,15,11,4.5,1223.6,1103.78
PROD_4787,726.13,816.1,89,4,5.0,1969.74,1065.53
PROD_4788,404.51,495.82,82,11,3.4,619.08,571.92
PROD_4789,277.52,293.34,38,9,3.5,1703.75,434.2
PROD_4790,103.3,117.61,42,10,4.0,1995.26,150.98
PROD_4791,763.65,940.13,46,11,1.9,1197.68,1142.62
PROD_4792,66.98,70.68,53,6,1.7,653.33,95.68
PROD_4793,252.17,288.12,26,10,4.0,1363.39,311.18
PROD_4794,252.49,310.54,61,6,2.4,1697.45,324.26
PROD_4795,269.91,337.55,67,5,1.5,384.13,337.35
PROD_4796,148.14,203.55,54,6,2.3,932.41,192.0
PROD_4797,630.87,804.9,22,1,2.4,672.42,802.26
PROD_4798,115.55,138.1,26,5,4.9,602.55,143.37
PROD_4799,515.23,708.76,83,12,3.8,1728.6,864.07
PROD_4800,116.6,154.46,60,6,3.1,872.23,166.77
PROD_4801,75.02,84.02,39,8,4.9,711.2,95.99
PROD_4802,729.36,799.22,36,4,4.6,1226.85,911.87
PROD_4803,168.3,216.52,21,5,3.0,477.83,227.56
PROD_4804,660.58,823.05,41,4,4.6,498.29,2163.62
PROD_4805,444.81,589.99,48,7,2.6,1064.56,638.52
PROD_4806,80.73,105.64,26,10,1.9,848.08,114.23
PROD_4807,765.25,970.97,63,6,1.9,625.22,1073.48
PROD_4808,212.63,296.67,77,4,3.6,155.2,279.71
PROD_4809,690.52,854.01,36,6,3.0,1065.51,979.05
PROD_4810,151.67,165.26,24,4,3.6,1642.39,199.43
PROD_4811,686.08,919.27,90,12,3.7,1710.19,1021.45
PROD_4812,30.32,34.51,21,8,1.1,509.11,39.81
PROD_4813,419.19,554.19,18,11,1.2,1219.3,640.93
PROD_4814,620.17,858.92,15,3,3.1,1718.97,802.93
PROD_4815,749.14,969.3,79,8,1.8,847.02,1117.33
PROD_4816,729.18,917.75,6,2,3.5,1867.67,874.72
PROD_4817,659.31,798.51,43,6,3.2,1810.81,830.97
PROD_4818,712.79,839.34,31,8,3.3,455.86,999.66
PROD_4819,175.39,,28,1,2.2,554.98,219.18
PROD_4820,241.66,307.57,8,6,3.6,401.86,297.42
PROD_4821,245.4,322.19,29,9,4.3,432.31,309.79
PROD_4822,314.1,404.4,21,10,,1820.33,401.94
PROD_4823,326.79,365.82,81,10,4.4,1865.72,445.1
PROD_4824,444.75,543.89,88,2,3.2,151.2,670.6
PROD_4825,144.71,192.04,58,11,1.8,1207.53,223.95
PROD_4826,559.17,680.23,60,1,3.7,1150.25,881.61
PROD_4827,150.7,186.54,50,2,4.8,811.57,222.35
PROD_4828,262.04,345.87,100,5,1.8,1281.81,395.47
PROD_4829,412.61,528.74,31,6,2.0,1897.37,582.85
PROD_4830,641.22,765.15,47,1,1.6,382.0,928.72
PROD_4831,596.79,813.65,34,7,3.9,284.8,772.12
PROD_4832,523.52,579.48,2,11,2.6,115.11,686.09
PROD_4833,141.5,197.88,67,4,1.3,759.47,206.5
PROD_4834,446.7,487.61,94,9,4.5,708.38,606.97
PROD_4835,88.21,93.08,72,6,3.2,890.1,135.86
PROD_4836,314.34,427.98,52,9,2.3,1031.45,445.82
PROD_4837,342.54,389.04,7,1,2.4,1527.76,436.26
PROD_4838,51.05,66.64,76,4,2.2,814.62,75.53
PROD_4839,233.71,311.74,19,2,2.8,694.7,297.93
PROD_4840,765.41,1033.79,90,6,2.3,1662.41,1220.48
PROD_4841,763.83,1067.12,92,4,3.2,1707.1,464.79
PROD_4842,294.82,339.9,15,9,4.1,503.89,407.95
PROD_4843,53.62,69.63,78,3,3.7,663.61,70.93
PROD_4844,159.69,174.13,48,1,2.2,1658.98,213.31
PROD_4845,325.93,388.63,14,11,3.1,204.85,460.19
PROD_4846,759.27,1022.57,3,11,4.4,685.4,1133.67
PROD_4847,130.14,153.39,50,1,1.3,924.28,165.01
PROD_4848,615.54,773.66,93,12,1.3,414.79,856.32
PROD_4849,104.77,128.48,54,9,,400.83,131.66
PROD_4850,785.38,1002.21,6,9,3.6,878.48,1016.6
PROD_4851,317.66,441.71,49,5,1.8,1521.32,478.21
PROD_4852,624.68,668.1,23,2,4.0,1688.45,769.47
PROD_4853,287.22,359.28,92,9,3.6,1959.51,392.65
PROD_4854,509.58,688.99,78,12,4.7,194.27,782.35
PROD_4855,169.77,206.87,78,8,1.7,472.53,256.48
PROD_4856,133.9,144.27,20,11,4.0,1525.43,204.95
PROD_4857,751.69,936.75,77,10,1.3,1104.17,1099.25
PROD_4858,735.76,858.07,91,10,3.3,688.98,966.78
PROD_4859,712.23,786.46,60,6,3.2,450.9,979.98
PROD_4860,507.84,684.14,99,7,2.6,596.93,806.59
PROD_4861,650.45,801.72,45,12,4.4,887.11,1066.1
PROD_4862,73.85,101.66,61,6,1.0,395.44,102.75
PROD_4863,281.14,374.5,56,5,3.1,1930.24,416.61
PROD_4864,264.69,342.12,2,4,,259.8,373.07
PROD_4865,515.8,542.5,45,7,4.0,1971.88,712.89
PROD_4866,297.65,,40,4,1.2,1691.69,1264.93
PROD_4867,135.84,152.02,24,10,4.3,875.15,189.58
PROD_4868,485.24,664.19,29,10,4.4,1492.64,757.29
PROD_4869,655.22,728.02,67,10,4.3,1359.45,981.76
PROD_4870,318.06,365.8,68,9,1.6,465.91,462.32
PROD_4871,123.17,151.61,66,5,3.5,711.19,166.55
PROD_4872,173.42,198.07,84,8,1.1,1050.59,223.7
PROD_4873,205.24,230.57,54,12,4.4,1293.8,281.94
PROD_4874,253.92,319.86,53,12,3.9,1108.65,206.31
PROD_4875,521.38,563.68,79,12,3.1,972.33,766.93
PROD_4876,488.74,523.12,49,6,3.9,914.15,602.59
PROD_4877,562.94,664.43,32,4,1.4,1021.62,809.47
PROD_4878,302.75,394.25,61,12,3.1,896.99,455.15
PROD_4879,662.72,824.54,42,3,2.2,1105.59,959.62
PROD_4880,179.19,214.67,1,11,4.9,1781.57,264.05
PROD_4881,385.85,481.55,63,6,4.4,1284.02,485.45
PROD_4882,644.73,759.44,35,1,3.9,1459.11,925.56
PROD_4883,160.52,221.15,51,2,4.7,1215.09,250.49
PROD_4884,105.69,113.01,71,7,2.4,1303.88,134.52
PROD_4885,709.27,911.9,45,4,4.6,1177.78,1048.78
PROD_4886,287.49,391.54,77,5,2.3,102.39,375.32
PROD_4887,553.42,736.8,65,11,3.9,1999.22,840.81
PROD_4888,39.77,44.32,14,10,3.9,115.54,50.05
PROD_4889,558.24,643.97,93,1,1.1,820.54,858.65
PROD_4890,266.56,346.78,3,2,2.4,254.98,341.37
PROD_4891,63.48,68.52,24,4,1.1,239.01,81.92
PROD_4892,495.65,661.28,65,8,5.0,1597.38,745.88
PROD_4893,207.83,270.51,48,10,1.5,880.56,260.33
PROD_4894,321.71,419.95,10,4,3.2,1612.22,396.25
PROD_4895,82.85,89.9,13,3,4.2,581.93,95.01
PROD_4896,134.79,175.39,100,3,1.8,550.1,195.3
PROD_4897,252.42,325.1,73,12,2.9,539.9,388.28
PROD_4898,90.01,120.69,14,5,3.4,1251.48,130.58
PROD_4899,730.44,777.6,100,3,1.6,1639.25,1037.9
PROD_4900,24.72,26.15,10,8,4.1,931.91,30.55
PROD_4901,397.41,469.16,40,5,2.2,789.54,571.26
PROD_4902,116.13,127.99,23,12,1.8,1948.48,162.9
PROD_4903,259.99,323.8,99,12,3.2,277.67,438.7
PROD_4904,742.33,1017.78,55,7,2.6,998.93,973.58
PROD_4905,146.12,173.45,63,11,4.7,846.55,205.94
PROD_4906,773.35,1040.72,71,8,4.5,241.35,1079.78
PROD_4907,180.52,189.56,42,5,2.9,572.99,225.64
PROD_4908,598.42,663.64,99,8,2.4,105.46,764.77
PROD_4909,446.41,473.48,66,12,2.3,1760.06,680.85
PROD_4910,709.89,826.92,79,3,2.1,1235.31,932.19
PROD_4911,452.11,618.43,73,12,3.2,1639.29,614.76
PROD_4912,436.96,473.63,47,7,4.2,1067.03,268.01
PROD_4913,172.46,217.68,81,8,2.2,1219.04,144.23
PROD_4914,149.66,180.79,52,7,1.8,1416.67,197.82
PROD_4915,734.86,1012.98,18,2,2.9,1820.62,908.1
PROD_4916,275.71,301.32,79,8,1.3,228.92,402.72
PROD_4917,310.22,348.76,18,6,3.8,695.35,432.7
PROD_4918,612.66,649.63,24,10,3.1,1432.6,857.25
PROD_4919,284.28,341.67,23,3,3.0,1918.78,376.53
PROD_4920,762.61,874.9,12,4,2.2,1962.57,956.57
PROD_4921,595.58,806.7,23,7,4.6,1294.3,809.99
PROD_4922,485.99,613.19,21,3,1.4,427.52,693.95
PROD_4923,707.1,894.43,64,1,4.5,282.46,991.92
PROD_4924,58.69,72.55,90,6,2.5,1894.79,81.71
PROD_4925,220.51,238.62,72,3,4.5,896.16,284.23
PROD_4926,382.73,461.48,94,11,3.9,429.89,633.35
PROD_4927,197.04,275.83,34,10,1.4,1871.09,279.91
PROD_4928,600.25,805.73,2,6,4.3,253.82,756.04
PROD_4929,736.98,1004.29,69,10,3.7,1472.66,1018.19
PROD_4930,350.54,469.07,31,12,1.1,1269.26,547.55
PROD_4931,286.86,311.55,97,3,1.5,221.08,384.18
PROD_4932,770.01,869.81,68,6,3.5,710.56,1101.94
PROD_4933,366.98,385.74,70,11,3.7,342.36,267.64
PROD_4934,401.46,464.18,87,4,4.0,1228.77,558.03
PROD_4935,294.29,320.19,19,4,3.9,980.37,351.67
PROD_4936,729.45,886.63,72,10,3.6,58.34,966.46
PROD_4937,463.79,596.89,13,10,4.1,1952.64,361.33
PROD_4938,614.5,833.3,65,11,3.3,731.69,903.11
PROD_4939,653.21,857.16,6,2,2.0,553.5,875.74
PROD_4940,286.64,395.14,71,4,4.6,483.76,414.37
PROD_4941,358.28,382.95,27,11,1.1,359.69,558.06
PROD_4942,681.81,718.8,79,12,2.5,1998.32,1140.7
PROD_4943,303.34,388.72,52,4,3.9,625.46,423.39
PROD_4944,639.27,735.97,98,11,2.7,840.75,547.41
PROD_4945,753.97,858.57,87,7,,1749.14,1085.08
PROD_4946,506.1,590.02,48,5,1.3,1301.68,715.35
PROD_4947,598.47,684.91,88,8,3.6,768.95,858.88
PROD_4948,647.98,796.36,79,7,4.9,1801.74,1002.69
PROD_4949,679.13,817.71,99,10,3.2,1511.96,924.72
PROD_4950,328.14,403.4,68,9,3.0,494.41,440.73
PROD_4951,59.99,77.11,44,8,2.3,1305.29,84.62
PROD_4952,333.46,395.32,17,9,2.0,1848.68,407.95
PROD_4953,545.53,620.79,95,1,1.1,1018.1,770.77
PROD_4954,371.27,411.43,38,10,2.1,1480.54,567.66
PROD_4955,604.19,708.3,10,12,2.8,1943.65,867.15
PROD_4956,298.45,390.85,54,3,1.8,1396.31,454.19
PROD_4957,515.1,677.28,91,5,1.3,249.76,748.31
PROD_4958,165.41,212.29,6,9,3.9,526.89,230.23
PROD_4959,604.51,684.25,6,8,4.6,1210.44,828.31
PROD_4960,445.64,559.65,52,10,4.7,587.33,581.06
PROD_4961,179.17,223.92,15,7,3.5,1917.21,240.84
PROD_4962,247.69,302.06,68,2,1.2,840.44,325.03
PROD_4963,603.91,750.36,57,11,4.0,941.6,1025.49
PROD_4964,396.43,484.49,56,6,1.4,1418.12,522.49
PROD_4965,188.5,235.24,7,4,3.7,1072.29,237.04
PROD_4966,774.47,1007.14,51,5,4.1,795.18,1125.14
PROD_4967,577.8,628.86,58,5,3.9,199.44,789.65
PROD_4968,766.57,1006.02,64,4,,1213.07,950.87
PROD_4969,353.14,387.59,26,4,4.0,1741.78,433.31
PROD_4970,390.58,419.22,58,4,3.8,1387.24,577.87
PROD_4971,720.41,1002.54,31,11,2.0,793.92,1025.53
PROD_4972,429.54,594.89,66,2,4.7,299.07,561.49
PROD_4973,571.68,612.35,92,1,1.7,1641.86,831.71
PROD_4974,216.69,261.15,13,12,4.6,1886.41,296.29
PROD_4975,368.45,410.89,18,2,2.3,807.13,471.49
PROD_4976,116.29,141.86,94,7,,1470.85,186.8
PROD_4977,180.66,242.19,75,12,4.3,850.99,266.54
PROD_4978,20.74,28.67,13,1,1.0,1029.42,25.23
PROD_4979,50.63,64.4,24,6,4.3,1681.13,77.17
PROD_4980,782.28,918.29,57,4,2.0,212.68,1133.08
PROD_4981,209.04,263.63,29,2,4.5,1084.15,266.22
PROD_4982,537.38,622.93,56,3,3.8,468.51,716.73
PROD_4983,674.5,923.01,54,7,,712.62,1020.44
PROD_4984,449.52,608.93,5,6,2.5,1306.64,572.65
PROD_4985,139.45,173.67,35,6,1.2,103.1,187.73
PROD_4986,587.93,684.16,19,8,4.3,1207.96,787.61
PROD_4987,488.2,562.74,55,8,1.7,602.71,656.95
PROD_4988,590.38,626.8,77,6,2.5,1355.49,866.44
PROD_4989,620.4,828.57,69,1,3.4,326.08,847.44
PROD_4990,780.82,942.94,44,10,2.9,1484.83,945.05
PROD_4991,467.38,543.93,78,7,1.8,1309.0,707.03
PROD_4992,286.48,348.04,38,8,1.6,1943.92,363.5
PROD_4993,525.8,702.77,62,5,1.5,1826.91,2543.83
PROD_4994,73.38,80.25,22,11,4.5,602.44,107.96
PROD_4995,719.97,972.09,73,4,1.1,103.27,1021.54
PROD_4996,113.12,154.31,40,7,4.9,1327.97,154.51
PROD_4997,275.72,380.86,26,12,1.8,1225.63,417.81
PROD_4998,656.28,780.4,5,12,1.4,103.49,819.45
PROD_4999,485.9,547.13,93,11,3.3,289.22,761.13
